input_file,output_file,max_num_migrated_tasks,solutions_found,result_id,num_of_processes,num_of_tasks,imbalance_ratio,speedup,num_migrated_tasks,total_load,max_load,avg_load,min_load,max_load_before_rebalancing,avg_load_before_rebalancing,min_load_before_rebalancing,num_binary_variables,num_constraints,num_inequality_constraints,qpu_access_time,run_time,charge_time,problem_id,experiment_id,max_time
../experiments/varied_imb_ratios/input_lrp/input_9_tasks_3_processes.csv,more_qubits_new_outputs/1_varied_imbs_speedup/case_43210_k_3_resultid_0_experimentid_889.csv,3,3,0,3,9,0.1111111111111111,1.2,2,135.0,50.0,45.0,40.0,60.0,45.0,30.0,18,7,4,31865,5057882,5000000,49c69e32-3885-4c42-8f41-6cf4f9bd061d,889,5.0
../experiments/varied_imb_ratios/input_lrp/input_9_tasks_3_processes.csv,more_qubits_new_outputs/1_varied_imbs_speedup/case_43210_k_3_resultid_1_experimentid_889.csv,3,3,1,3,9,0.1111111111111111,1.2,1,135.0,50.0,45.0,40.0,60.0,45.0,30.0,18,7,4,31865,5057882,5000000,49c69e32-3885-4c42-8f41-6cf4f9bd061d,889,5.0
../experiments/varied_imb_ratios/input_lrp/input_9_tasks_3_processes.csv,more_qubits_new_outputs/1_varied_imbs_speedup/case_43210_k_3_resultid_2_experimentid_889.csv,3,3,2,3,9,0.1111111111111111,1.2,2,135.0,50.0,45.0,40.0,60.0,45.0,30.0,18,7,4,31865,5057882,5000000,49c69e32-3885-4c42-8f41-6cf4f9bd061d,889,5.0
../experiments/varied_imb_ratios/input_lrp/input_9_tasks_3_processes.csv,more_qubits_new_outputs/1_varied_imbs_speedup/case_43210_k_3_resultid_0_experimentid_1.csv,3,3,0,3,9,0.1111111111111111,1.2,1,135.0,50.0,45.0,40.0,60.0,45.0,30.0,18,7,4,31968,5074915,5000000,b4f9d6dd-9ddd-4fc9-a4af-92dc9b92c9cc,1,5.0
../experiments/varied_imb_ratios/input_lrp/input_9_tasks_3_processes.csv,more_qubits_new_outputs/1_varied_imbs_speedup/case_43210_k_3_resultid_1_experimentid_1.csv,3,3,1,3,9,0.1111111111111111,1.2,2,135.0,50.0,45.0,40.0,60.0,45.0,30.0,18,7,4,31968,5074915,5000000,b4f9d6dd-9ddd-4fc9-a4af-92dc9b92c9cc,1,5.0
../experiments/varied_imb_ratios/input_lrp/input_9_tasks_3_processes.csv,more_qubits_new_outputs/1_varied_imbs_speedup/case_43210_k_3_resultid_2_experimentid_1.csv,3,3,2,3,9,0.1111111111111111,1.2,2,135.0,50.0,45.0,40.0,60.0,45.0,30.0,18,7,4,31968,5074915,5000000,b4f9d6dd-9ddd-4fc9-a4af-92dc9b92c9cc,1,5.0
../experiments/varied_imb_ratios/input_lrp/input_table_varied_imbs_case0.csv,more_qubits_new_outputs/1_varied_imbs_speedup/case_0_k_2_resultid_0_experimentid_1.csv,2,1,0,8,400,0.007464885467116734,1.010926187815064,2,18304.557609559997,2305.1498794552003,2288.0697011949997,2268.7243557048,2330.33637998,2288.069701195,2257.5401783,384,17,9,31981,5067038,5000000,92ce0498-6246-40b1-bafa-d43a90406138,1,5.0
../experiments/varied_imb_ratios/input_lrp/input_table_varied_imbs_case0.csv,more_qubits_new_outputs/1_varied_imbs_speedup/case_0_k_347_resultid_0_experimentid_1.csv,347,1,0,8,400,0.002649266138979247,1.0157815603304294,345,18304.557609559997,2294.131406778,2288.0697011949997,2281.1506538408,2330.33637998,2288.069701195,2257.5401783,384,17,9,16040,5002341,5000000,41b65a82-b7b5-4028-b492-426e540e5084,1,5.0
../experiments/varied_imb_ratios/input_lrp/input_table_varied_imbs_case1.csv,more_qubits_new_outputs/1_varied_imbs_speedup/case_1_k_73_resultid_0_experimentid_1.csv,73,1,0,8,400,0.035208435012353836,2.8633204829705523,73,13831.30836486,1789.78588582,1728.9135456075,1684.4101715048,5124.730587,1728.9135456075,94.24691198,384,17,9,16047,5002515,5000000,c5b2e00d-8230-4073-80d4-46dc6053256c,1,5.0
../experiments/varied_imb_ratios/input_lrp/input_table_varied_imbs_case1.csv,more_qubits_new_outputs/1_varied_imbs_speedup/case_1_k_354_resultid_0_experimentid_1.csv,354,1,0,8,400,0.0002822283500176696,2.963297189638319,346,13831.30836486,1729.4014940248,1728.9135456075,1728.3304910599998,5124.730587,1728.9135456075,94.24691198,384,17,9,32094,5143973,5000000,221eb16b-e523-40a5-83d9-0bba73828d47,1,5.0
../experiments/varied_imb_ratios/input_lrp/input_table_varied_imbs_case2.csv,more_qubits_new_outputs/1_varied_imbs_speedup/case_2_k_107_resultid_0_experimentid_1.csv,107,1,0,8,400,0.16578922909146618,3.125,105,11390.11468888,1659.8091278016,1423.76433611,1344.7588748884,5186.90352438,1423.76433611,94.75812912,384,17,9,32104,5339537,5000000,fe4ad2f0-503a-4b2f-98bc-b376c9d604cf,1,5.0
../experiments/varied_imb_ratios/input_lrp/input_table_varied_imbs_case2.csv,more_qubits_new_outputs/1_varied_imbs_speedup/case_2_k_352_resultid_0_experimentid_1.csv,352,1,0,8,400,0.018483542990479062,3.5769761484942206,349,11390.11468888,1450.0805454248,1423.76433611,1419.147619258,5186.90352438,1423.76433611,94.75812912,384,17,9,32074,5261837,5000000,ced610d8-c983-4faf-b996-01ed24884549,1,5.0
../experiments/varied_imb_ratios/input_lrp/input_table_varied_imbs_case3.csv,more_qubits_new_outputs/1_varied_imbs_speedup/case_3_k_49_resultid_0_experimentid_1.csv,49,1,0,8,400,0.22134336264075818,4.065821285793018,44,8301.78050992,1267.4155654864,1037.72256374,874.5988416852,5153.0851841,1037.7225637400002,95.34163476,384,17,9,32034,5219735,5000000,952fc3ce-d1c3-4eba-a7ce-c285e6799bfb,1,5.0
../experiments/varied_imb_ratios/input_lrp/input_table_varied_imbs_case3.csv,more_qubits_new_outputs/1_varied_imbs_speedup/case_3_k_348_resultid_0_experimentid_1.csv,348,1,0,8,400,0.016486344390489984,4.885224350027455,348,8301.780509920001,1054.8308153076,1037.7225637400002,1029.1903982116,5153.0851841,1037.7225637400002,95.34163476,384,17,9,32072,5376665,5000000,399f6af6-2ecd-4b22-921b-901c36eafd74,1,5.0
../experiments/varied_imb_ratios/input_lrp/input_table_varied_imbs_case4.csv,more_qubits_new_outputs/1_varied_imbs_speedup/case_4_k_71_resultid_0_experimentid_1.csv,71,1,0,8,400,0.38572388757261794,3.184377184710194,71,9354.59132198,1620.3600816684002,1169.3239152475,925.23466206,5159.83767508,1169.3239152474998,94.25210954,384,17,9,32083,5337692,5000000,ce7395db-42c0-4ee0-939f-51076b5d8918,1,5.0
../experiments/varied_imb_ratios/input_lrp/input_table_varied_imbs_case4.csv,more_qubits_new_outputs/1_varied_imbs_speedup/case_4_k_353_resultid_0_experimentid_1.csv,353,1,0,8,400,0.00048674829470130547,4.410520718455706,336,9354.591321979999,1169.8930816692,1169.3239152474998,1168.7163925211999,5159.83767508,1169.3239152474998,94.25210954,384,17,9,32094,5325065,5000000,ac812739-a632-4231-a302-7d4323751543,1,5.0
../experiments/varied_num_procs/input_lrp/input_table_4nodes.csv,more_qubits_new_outputs/1_varied_imbs_speedup/case_4_k_90_resultid_0_experimentid_1.csv,90,1,0,4,400,0.08366128575701413,3.1249999999999996,89,12192.955255480001,3303.2583923328,3048.2388138700003,2962.9424214168002,10322.68247604,3048.23881387,187.59217262,112,9,5,32043,5129706,5000000,8bedcb4b-0b98-49fd-9ffe-a2c52a934a17,1,5.0
../experiments/varied_num_procs/input_lrp/input_table_4nodes.csv,more_qubits_new_outputs/1_varied_imbs_speedup/case_4_k_300_resultid_0_experimentid_1.csv,300,1,0,4,400,0.0836612857570143,3.1249999999999996,300,12192.95525548,3303.2583923328,3048.23881387,2745.5975213034,10322.68247604,3048.23881387,187.59217262,112,9,5,32028,5180602,5000000,9e02801b-3ccd-49ec-972d-1f158a9306f1,1,5.0
../experiments/varied_num_procs/input_lrp/input_table_8nodes.csv,more_qubits_new_outputs/1_varied_imbs_speedup/case_8_k_163_resultid_0_experimentid_1.csv,163,1,0,8,800,0.1973376382744976,2.7153330953688024,163,25396.24214168,3800.9845733708,3174.53026771,2872.8262023856,10320.93920706,3174.5302677100003,188.86241912000003,448,17,9,32109,5461786,5000000,f964734f-b7f4-48d6-ba85-504afdb34c9e,1,5.0
../experiments/varied_num_procs/input_lrp/input_table_8nodes.csv,more_qubits_new_outputs/1_varied_imbs_speedup/case_8_k_700_resultid_0_experimentid_1.csv,700,1,0,8,800,0.00023578392677929043,3.250404122489843,695,25396.24214168,3175.2787709222002,3174.53026771,3173.6081523908,10320.93920706,3174.5302677100003,188.86241912000003,448,17,9,32096,5308452,5000000,3c2c832f-56f5-4cbf-a59e-d46db4ccd13a,1,5.0
../experiments/varied_num_procs/input_lrp/input_table_16nodes.csv,more_qubits_new_outputs/1_varied_imbs_speedup/case_16_k_350_resultid_0_experimentid_1.csv,350,1,0,16,1600,0.26933792678777324,2.3587033243623563,350,55300.23536682001,4387.1678819622,3456.2647104262505,2667.7379422160006,10348.02746772,3456.2647104262496,188.88993264,1792,33,17,32060,5211996,5000000,7b5147b8-a55c-4d50-bd99-1c143b9f974f,1,5.0
../experiments/varied_num_procs/input_lrp/input_table_16nodes.csv,more_qubits_new_outputs/1_varied_imbs_speedup/case_16_k_1499_resultid_0_experimentid_1.csv,1499,1,0,16,1600,0.00025467886608743147,2.9932292754157395,1476,55300.23536682001,3457.1449480036,3456.2647104262505,3455.6074557314005,10348.02746772,3456.2647104262496,188.88993264,1792,33,17,32070,5619399,5000000,694e0f37-b1d0-4106-bd90-f771eb1ed8eb,1,5.0
../experiments/varied_num_procs/input_lrp/input_table_32nodes.csv,more_qubits_new_outputs/1_varied_imbs_speedup/case_32_k_644_resultid_0_experimentid_1.csv,644,1,0,32,3200,1.3749975494798456,1.4352369684519934,644,101942.36807832,7566.027324193201,3185.6990024475,2051.8188262118,10859.042119999998,3185.6990024475,181.31871224,7168,65,33,16042,5031446,5000000,04d4b135-a669-4bff-8e64-fbfdbbc74efe,1,5.0
../experiments/varied_num_procs/input_lrp/input_table_32nodes.csv,more_qubits_new_outputs/1_varied_imbs_speedup/case_32_k_3098_resultid_0_experimentid_1.csv,3098,1,0,32,3200,0.0002612044679866485,3.407794151937902,3091,101942.36807832001,3186.5311212606002,3185.6990024475003,3184.7557387372003,10859.042119999998,3185.6990024475,181.31871224,7168,65,33,16011,5004685,5000000,f61ca42b-5c1a-48d8-b0a5-539b00271847,1,5.0
../experiments/varied_num_procs/input_lrp/input_table_64nodes.csv,more_qubits_new_outputs/1_varied_imbs_speedup/case_64_k_2353_resultid_0_experimentid_1.csv,2353,1,0,64,6400,0.7788399609993625,3.12476229844205,2350,1714501.65195474,47653.500807758006,26789.088311792813,25168.1534967326,148905.86271286,26789.088311792817,552.5210857399999,28672,129,65,32063,34649502,34649502,dcf4486c-d4be-4810-ad32-c341161cf586,1,5.0
../experiments/varied_num_procs/input_lrp/input_table_64nodes.csv,more_qubits_new_outputs/1_varied_imbs_speedup/case_64_k_6302_resultid_0_experimentid_1.csv,6302,1,0,64,6400,0.00011323393163231387,5.557822710976056,6279,1714501.65195474,26792.121745587203,26789.088311792813,26786.913450719003,148905.86271286,26789.088311792817,552.5210857399999,28672,129,65,32087,34654769,34654769,a9faab8c-257d-47ef-8108-2cc274da3633,1,5.0
../experiments/varied_num_tasks/input_lrp/input_table_8nodes_8tasks.csv,more_qubits_new_outputs/1_varied_imbs_speedup/case_8_k_11_resultid_0_experimentid_1.csv,11,35,0,8,64,0.13765962870218065,2.912747789099541,11,2018.44196312,287.03749179,252.30524539,221.74874542,836.0678196,252.30524539,12.66603468,256,17,9,31944,5274843,5000000,386382c3-15d5-494a-ab8e-27d55c96da18,1,5.0
../experiments/varied_num_tasks/input_lrp/input_table_8nodes_8tasks.csv,more_qubits_new_outputs/1_varied_imbs_speedup/case_8_k_11_resultid_1_experimentid_1.csv,11,35,1,8,64,0.13765962870218065,2.912747789099541,11,2018.44196312,287.03749179,252.30524539,221.74874542,836.0678196,252.30524539,12.66603468,256,17,9,31944,5274843,5000000,386382c3-15d5-494a-ab8e-27d55c96da18,1,5.0
../experiments/varied_num_tasks/input_lrp/input_table_8nodes_8tasks.csv,more_qubits_new_outputs/1_varied_imbs_speedup/case_8_k_11_resultid_2_experimentid_1.csv,11,35,2,8,64,0.13765962870218065,2.912747789099541,11,2018.44196312,287.03749179,252.30524539,221.74874542,836.0678196,252.30524539,12.66603468,256,17,9,31944,5274843,5000000,386382c3-15d5-494a-ab8e-27d55c96da18,1,5.0
../experiments/varied_num_tasks/input_lrp/input_table_8nodes_8tasks.csv,more_qubits_new_outputs/1_varied_imbs_speedup/case_8_k_11_resultid_3_experimentid_1.csv,11,35,3,8,64,0.13765962870218065,2.912747789099541,11,2018.44196312,287.03749179,252.30524539,221.74874542,836.0678196,252.30524539,12.66603468,256,17,9,31944,5274843,5000000,386382c3-15d5-494a-ab8e-27d55c96da18,1,5.0
../experiments/varied_num_tasks/input_lrp/input_table_8nodes_8tasks.csv,more_qubits_new_outputs/1_varied_imbs_speedup/case_8_k_11_resultid_4_experimentid_1.csv,11,35,4,8,64,0.13765962870218065,2.912747789099541,11,2018.44196312,287.03749179,252.30524539,221.74874542,836.0678196,252.30524539,12.66603468,256,17,9,31944,5274843,5000000,386382c3-15d5-494a-ab8e-27d55c96da18,1,5.0
../experiments/varied_num_tasks/input_lrp/input_table_8nodes_8tasks.csv,more_qubits_new_outputs/1_varied_imbs_speedup/case_8_k_11_resultid_5_experimentid_1.csv,11,35,5,8,64,0.13765962870218065,2.912747789099541,11,2018.44196312,287.03749179,252.30524539,221.74874542,836.0678196,252.30524539,12.66603468,256,17,9,31944,5274843,5000000,386382c3-15d5-494a-ab8e-27d55c96da18,1,5.0
../experiments/varied_num_tasks/input_lrp/input_table_8nodes_8tasks.csv,more_qubits_new_outputs/1_varied_imbs_speedup/case_8_k_11_resultid_6_experimentid_1.csv,11,35,6,8,64,0.13765962870218065,2.912747789099541,11,2018.44196312,287.03749179,252.30524539,221.74874542,836.0678196,252.30524539,12.66603468,256,17,9,31944,5274843,5000000,386382c3-15d5-494a-ab8e-27d55c96da18,1,5.0
../experiments/varied_num_tasks/input_lrp/input_table_8nodes_8tasks.csv,more_qubits_new_outputs/1_varied_imbs_speedup/case_8_k_11_resultid_7_experimentid_1.csv,11,35,7,8,64,0.13765962870218065,2.912747789099541,11,2018.44196312,287.03749179,252.30524539,221.74874542,836.0678196,252.30524539,12.66603468,256,17,9,31944,5274843,5000000,386382c3-15d5-494a-ab8e-27d55c96da18,1,5.0
../experiments/varied_num_tasks/input_lrp/input_table_8nodes_8tasks.csv,more_qubits_new_outputs/1_varied_imbs_speedup/case_8_k_11_resultid_8_experimentid_1.csv,11,35,8,8,64,0.13765962870218065,2.912747789099541,11,2018.44196312,287.03749179,252.30524539,221.74874542,836.0678196,252.30524539,12.66603468,256,17,9,31944,5274843,5000000,386382c3-15d5-494a-ab8e-27d55c96da18,1,5.0
../experiments/varied_num_tasks/input_lrp/input_table_8nodes_8tasks.csv,more_qubits_new_outputs/1_varied_imbs_speedup/case_8_k_11_resultid_9_experimentid_1.csv,11,35,9,8,64,0.13765962870218065,2.912747789099541,11,2018.44196312,287.03749179,252.30524539,221.74874542,836.0678196,252.30524539,12.66603468,256,17,9,31944,5274843,5000000,386382c3-15d5-494a-ab8e-27d55c96da18,1,5.0
../experiments/varied_num_tasks/input_lrp/input_table_8nodes_8tasks.csv,more_qubits_new_outputs/1_varied_imbs_speedup/case_8_k_11_resultid_10_experimentid_1.csv,11,35,10,8,64,0.13765962870218065,2.912747789099541,11,2018.44196312,287.03749179,252.30524539,221.74874542,836.0678196,252.30524539,12.66603468,256,17,9,31944,5274843,5000000,386382c3-15d5-494a-ab8e-27d55c96da18,1,5.0
../experiments/varied_num_tasks/input_lrp/input_table_8nodes_8tasks.csv,more_qubits_new_outputs/1_varied_imbs_speedup/case_8_k_11_resultid_11_experimentid_1.csv,11,35,11,8,64,0.13765962870218065,2.912747789099541,11,2018.44196312,287.03749179,252.30524539,221.74874542,836.0678196,252.30524539,12.66603468,256,17,9,31944,5274843,5000000,386382c3-15d5-494a-ab8e-27d55c96da18,1,5.0
../experiments/varied_num_tasks/input_lrp/input_table_8nodes_8tasks.csv,more_qubits_new_outputs/1_varied_imbs_speedup/case_8_k_11_resultid_12_experimentid_1.csv,11,35,12,8,64,0.13765962870218065,2.912747789099541,11,2018.44196312,287.03749179,252.30524539,221.74874542,836.0678196,252.30524539,12.66603468,256,17,9,31944,5274843,5000000,386382c3-15d5-494a-ab8e-27d55c96da18,1,5.0
../experiments/varied_num_tasks/input_lrp/input_table_8nodes_8tasks.csv,more_qubits_new_outputs/1_varied_imbs_speedup/case_8_k_11_resultid_13_experimentid_1.csv,11,35,13,8,64,0.13765962870218065,2.912747789099541,11,2018.44196312,287.03749179,252.30524539,221.74874542,836.0678196,252.30524539,12.66603468,256,17,9,31944,5274843,5000000,386382c3-15d5-494a-ab8e-27d55c96da18,1,5.0
../experiments/varied_num_tasks/input_lrp/input_table_8nodes_8tasks.csv,more_qubits_new_outputs/1_varied_imbs_speedup/case_8_k_11_resultid_14_experimentid_1.csv,11,35,14,8,64,0.13765962870218065,2.912747789099541,11,2018.44196312,287.03749179,252.30524539,221.74874542,836.0678196,252.30524539,12.66603468,256,17,9,31944,5274843,5000000,386382c3-15d5-494a-ab8e-27d55c96da18,1,5.0
../experiments/varied_num_tasks/input_lrp/input_table_8nodes_8tasks.csv,more_qubits_new_outputs/1_varied_imbs_speedup/case_8_k_11_resultid_15_experimentid_1.csv,11,35,15,8,64,0.13765962870218065,2.912747789099541,11,2018.44196312,287.03749179,252.30524539,221.74874542,836.0678196,252.30524539,12.66603468,256,17,9,31944,5274843,5000000,386382c3-15d5-494a-ab8e-27d55c96da18,1,5.0
../experiments/varied_num_tasks/input_lrp/input_table_8nodes_8tasks.csv,more_qubits_new_outputs/1_varied_imbs_speedup/case_8_k_11_resultid_16_experimentid_1.csv,11,35,16,8,64,0.13765962870218065,2.912747789099541,11,2018.44196312,287.03749179,252.30524539,221.74874542,836.0678196,252.30524539,12.66603468,256,17,9,31944,5274843,5000000,386382c3-15d5-494a-ab8e-27d55c96da18,1,5.0
../experiments/varied_num_tasks/input_lrp/input_table_8nodes_8tasks.csv,more_qubits_new_outputs/1_varied_imbs_speedup/case_8_k_11_resultid_17_experimentid_1.csv,11,35,17,8,64,0.13765962870218065,2.912747789099541,11,2018.44196312,287.03749179,252.30524539,221.74874542,836.0678196,252.30524539,12.66603468,256,17,9,31944,5274843,5000000,386382c3-15d5-494a-ab8e-27d55c96da18,1,5.0
../experiments/varied_num_tasks/input_lrp/input_table_8nodes_8tasks.csv,more_qubits_new_outputs/1_varied_imbs_speedup/case_8_k_11_resultid_18_experimentid_1.csv,11,35,18,8,64,0.13765962870218065,2.912747789099541,11,2018.44196312,287.03749179,252.30524539,221.74874542,836.0678196,252.30524539,12.66603468,256,17,9,31944,5274843,5000000,386382c3-15d5-494a-ab8e-27d55c96da18,1,5.0
../experiments/varied_num_tasks/input_lrp/input_table_8nodes_8tasks.csv,more_qubits_new_outputs/1_varied_imbs_speedup/case_8_k_11_resultid_19_experimentid_1.csv,11,35,19,8,64,0.13765962870218065,2.912747789099541,11,2018.44196312,287.03749179,252.30524539,221.74874542,836.0678196,252.30524539,12.66603468,256,17,9,31944,5274843,5000000,386382c3-15d5-494a-ab8e-27d55c96da18,1,5.0
../experiments/varied_num_tasks/input_lrp/input_table_8nodes_8tasks.csv,more_qubits_new_outputs/1_varied_imbs_speedup/case_8_k_11_resultid_20_experimentid_1.csv,11,35,20,8,64,0.13765962870218065,2.912747789099541,11,2018.44196312,287.03749179,252.30524539,221.74874542,836.0678196,252.30524539,12.66603468,256,17,9,31944,5274843,5000000,386382c3-15d5-494a-ab8e-27d55c96da18,1,5.0
../experiments/varied_num_tasks/input_lrp/input_table_8nodes_8tasks.csv,more_qubits_new_outputs/1_varied_imbs_speedup/case_8_k_11_resultid_21_experimentid_1.csv,11,35,21,8,64,0.13765962870218065,2.912747789099541,11,2018.44196312,287.03749179,252.30524539,221.74874542,836.0678196,252.30524539,12.66603468,256,17,9,31944,5274843,5000000,386382c3-15d5-494a-ab8e-27d55c96da18,1,5.0
../experiments/varied_num_tasks/input_lrp/input_table_8nodes_8tasks.csv,more_qubits_new_outputs/1_varied_imbs_speedup/case_8_k_11_resultid_22_experimentid_1.csv,11,35,22,8,64,0.13765962870218065,2.912747789099541,11,2018.44196312,287.03749179,252.30524539,221.74874542,836.0678196,252.30524539,12.66603468,256,17,9,31944,5274843,5000000,386382c3-15d5-494a-ab8e-27d55c96da18,1,5.0
../experiments/varied_num_tasks/input_lrp/input_table_8nodes_8tasks.csv,more_qubits_new_outputs/1_varied_imbs_speedup/case_8_k_11_resultid_23_experimentid_1.csv,11,35,23,8,64,0.13765962870218065,2.912747789099541,11,2018.44196312,287.03749179,252.30524539,221.74874542,836.0678196,252.30524539,12.66603468,256,17,9,31944,5274843,5000000,386382c3-15d5-494a-ab8e-27d55c96da18,1,5.0
../experiments/varied_num_tasks/input_lrp/input_table_8nodes_8tasks.csv,more_qubits_new_outputs/1_varied_imbs_speedup/case_8_k_11_resultid_24_experimentid_1.csv,11,35,24,8,64,0.13765962870218065,2.912747789099541,11,2018.44196312,287.03749179,252.30524539,221.74874542,836.0678196,252.30524539,12.66603468,256,17,9,31944,5274843,5000000,386382c3-15d5-494a-ab8e-27d55c96da18,1,5.0
../experiments/varied_num_tasks/input_lrp/input_table_8nodes_8tasks.csv,more_qubits_new_outputs/1_varied_imbs_speedup/case_8_k_11_resultid_25_experimentid_1.csv,11,35,25,8,64,0.13765962870218065,2.912747789099541,11,2018.44196312,287.03749179,252.30524539,221.74874542,836.0678196,252.30524539,12.66603468,256,17,9,31944,5274843,5000000,386382c3-15d5-494a-ab8e-27d55c96da18,1,5.0
../experiments/varied_num_tasks/input_lrp/input_table_8nodes_8tasks.csv,more_qubits_new_outputs/1_varied_imbs_speedup/case_8_k_11_resultid_26_experimentid_1.csv,11,35,26,8,64,0.13765962870218065,2.912747789099541,11,2018.44196312,287.03749179,252.30524539,221.74874542,836.0678196,252.30524539,12.66603468,256,17,9,31944,5274843,5000000,386382c3-15d5-494a-ab8e-27d55c96da18,1,5.0
../experiments/varied_num_tasks/input_lrp/input_table_8nodes_8tasks.csv,more_qubits_new_outputs/1_varied_imbs_speedup/case_8_k_11_resultid_27_experimentid_1.csv,11,35,27,8,64,0.13765962870218065,2.912747789099541,11,2018.44196312,287.03749179,252.30524539,221.74874542,836.0678196,252.30524539,12.66603468,256,17,9,31944,5274843,5000000,386382c3-15d5-494a-ab8e-27d55c96da18,1,5.0
../experiments/varied_num_tasks/input_lrp/input_table_8nodes_8tasks.csv,more_qubits_new_outputs/1_varied_imbs_speedup/case_8_k_11_resultid_28_experimentid_1.csv,11,35,28,8,64,0.13765962870218065,2.912747789099541,11,2018.44196312,287.03749179,252.30524539,221.74874542,836.0678196,252.30524539,12.66603468,256,17,9,31944,5274843,5000000,386382c3-15d5-494a-ab8e-27d55c96da18,1,5.0
../experiments/varied_num_tasks/input_lrp/input_table_8nodes_8tasks.csv,more_qubits_new_outputs/1_varied_imbs_speedup/case_8_k_11_resultid_29_experimentid_1.csv,11,35,29,8,64,0.13765962870218065,2.912747789099541,11,2018.44196312,287.03749179,252.30524539,221.74874542,836.0678196,252.30524539,12.66603468,256,17,9,31944,5274843,5000000,386382c3-15d5-494a-ab8e-27d55c96da18,1,5.0
../experiments/varied_num_tasks/input_lrp/input_table_8nodes_8tasks.csv,more_qubits_new_outputs/1_varied_imbs_speedup/case_8_k_11_resultid_30_experimentid_1.csv,11,35,30,8,64,0.13765962870218065,2.912747789099541,11,2018.44196312,287.03749179,252.30524539,221.74874542,836.0678196,252.30524539,12.66603468,256,17,9,31944,5274843,5000000,386382c3-15d5-494a-ab8e-27d55c96da18,1,5.0
../experiments/varied_num_tasks/input_lrp/input_table_8nodes_8tasks.csv,more_qubits_new_outputs/1_varied_imbs_speedup/case_8_k_11_resultid_31_experimentid_1.csv,11,35,31,8,64,0.13765962870218065,2.912747789099541,11,2018.44196312,287.03749179,252.30524539,221.74874542,836.0678196,252.30524539,12.66603468,256,17,9,31944,5274843,5000000,386382c3-15d5-494a-ab8e-27d55c96da18,1,5.0
../experiments/varied_num_tasks/input_lrp/input_table_8nodes_8tasks.csv,more_qubits_new_outputs/1_varied_imbs_speedup/case_8_k_11_resultid_32_experimentid_1.csv,11,35,32,8,64,0.13765962870218065,2.912747789099541,11,2018.44196312,287.03749179,252.30524539,221.74874542,836.0678196,252.30524539,12.66603468,256,17,9,31944,5274843,5000000,386382c3-15d5-494a-ab8e-27d55c96da18,1,5.0
../experiments/varied_num_tasks/input_lrp/input_table_8nodes_8tasks.csv,more_qubits_new_outputs/1_varied_imbs_speedup/case_8_k_11_resultid_33_experimentid_1.csv,11,35,33,8,64,0.13765962870218065,2.912747789099541,11,2018.44196312,287.03749179,252.30524539,221.74874542,836.0678196,252.30524539,12.66603468,256,17,9,31944,5274843,5000000,386382c3-15d5-494a-ab8e-27d55c96da18,1,5.0
../experiments/varied_num_tasks/input_lrp/input_table_8nodes_8tasks.csv,more_qubits_new_outputs/1_varied_imbs_speedup/case_8_k_11_resultid_34_experimentid_1.csv,11,35,34,8,64,0.13765962870218065,2.912747789099541,11,2018.44196312,287.03749179,252.30524539,221.74874542,836.0678196,252.30524539,12.66603468,256,17,9,31944,5274843,5000000,386382c3-15d5-494a-ab8e-27d55c96da18,1,5.0
../experiments/varied_num_tasks/input_lrp/input_table_8nodes_8tasks.csv,more_qubits_new_outputs/1_varied_imbs_speedup/case_8_k_56_resultid_0_experimentid_1.csv,56,1,0,8,64,0.001869723157244875,3.307531400197817,56,2018.4419631199999,252.77698635000002,252.30524538999998,251.96915267999998,836.0678196,252.30524539,12.66603468,256,17,9,32100,5276746,5000000,941da203-04bf-4446-8005-b99ce17d2c23,1,5.0
../experiments/varied_num_tasks/input_lrp/input_table_8nodes_16tasks.csv,more_qubits_new_outputs/1_varied_imbs_speedup/case_16_k_53_resultid_0_experimentid_1.csv,53,2,0,8,128,0.0016280259320307763,3.359035557074545,51,4002.0733833599998,501.07360782625,500.25917291999997,499.87614153875,1683.1240653999998,500.25917291999997,25.55708884,320,17,9,32082,4999259,4999259,7da22723-4410-4209-9655-7efb8f46d9df,1,5.0
../experiments/varied_num_tasks/input_lrp/input_table_8nodes_16tasks.csv,more_qubits_new_outputs/1_varied_imbs_speedup/case_16_k_53_resultid_1_experimentid_1.csv,53,2,1,8,128,0.0016280259320307763,3.359035557074545,51,4002.0733833599998,501.07360782625,500.25917291999997,499.87614153875,1683.1240653999998,500.25917291999997,25.55708884,320,17,9,32082,4999259,4999259,7da22723-4410-4209-9655-7efb8f46d9df,1,5.0
../experiments/varied_num_tasks/input_lrp/input_table_8nodes_16tasks.csv,more_qubits_new_outputs/1_varied_imbs_speedup/case_16_k_112_resultid_0_experimentid_1.csv,112,1,0,8,128,0.000624756020315996,3.3624034722560525,107,4002.0733833599998,500.57171285000004,500.25917291999997,499.9573886449999,1683.1240653999998,500.25917291999997,25.55708884,320,17,9,32112,5449404,5000000,4f8a4b38-22c4-4884-90cc-f3aa855f1bee,1,5.0
../experiments/varied_num_tasks/input_lrp/input_table_8nodes_32tasks.csv,more_qubits_new_outputs/1_varied_imbs_speedup/case_32_k_43_resultid_0_experimentid_1.csv,43,1,0,8,256,0.12740044562278993,2.888865293103562,43,8130.746889119999,1145.825958255,1016.3433611399998,870.4233318206249,3310.13684274,1016.3433611400001,60.80660821999999,384,17,9,32058,5284545,5000000,1bfb0926-c4f8-427e-a9f6-9ab0dd16bb7a,1,5.0
../experiments/varied_num_tasks/input_lrp/input_table_8nodes_32tasks.csv,more_qubits_new_outputs/1_varied_imbs_speedup/case_32_k_224_resultid_0_experimentid_1.csv,224,1,0,8,256,0.00041808561148889647,3.255546921463776,221,8130.74688912,1016.7682796756249,1016.34336114,1015.833021689375,3310.13684274,1016.3433611400001,60.80660821999999,384,17,9,16043,5001377,5000000,9cef1b70-75a0-4f2a-a429-11b5672c0c2f,1,5.0
../experiments/varied_num_tasks/input_lrp/input_table_8nodes_64tasks.csv,more_qubits_new_outputs/1_varied_imbs_speedup/case_64_k_87_resultid_0_experimentid_1.csv,87,1,0,8,512,0.14498561058974843,2.86792478571462,76,16190.908002879998,2317.29458571,2023.8635003599998,1877.564016005625,6645.82657816,2023.86350036,120.220232,448,17,9,32082,5169068,5000000,8c7e7bf0-97ba-4e4c-ad7a-c9b91200f821,1,5.0
../experiments/varied_num_tasks/input_lrp/input_table_8nodes_64tasks.csv,more_qubits_new_outputs/1_varied_imbs_speedup/case_64_k_448_resultid_0_experimentid_1.csv,448,1,0,8,512,0.00027268865505955764,3.282837419376258,414,16190.908002880002,2024.4153849759375,2023.8635003600002,2023.605461420625,6645.82657816,2023.86350036,120.220232,448,17,9,32091,5271243,5000000,9256f5f5-8ef9-4812-b2d8-0e5082fd4757,1,5.0
../experiments/varied_num_tasks/input_lrp/input_table_8nodes_128tasks.csv,more_qubits_new_outputs/1_varied_imbs_speedup/case_128_k_196_resultid_0_experimentid_1.csv,196,1,0,8,1024,0.38603346963086155,2.361307553287123,196,32209.662389740002,5580.45876471125,4026.2077987175003,3224.01545496875,13177.179431920002,4026.2077987175,243.23101042,512,17,9,16047,5059369,5000000,626535ec-62f4-46b7-b5d2-4c4574d7c90a,1,5.0
../experiments/varied_num_tasks/input_lrp/input_table_8nodes_128tasks.csv,more_qubits_new_outputs/1_varied_imbs_speedup/case_128_k_896_resultid_0_experimentid_1.csv,896,1,0,8,1024,8.282393809259705e-05,3.2725802529638366,826,32209.662389740002,4026.541265102969,4026.2077987175003,4025.973984595469,13177.179431920002,4026.2077987175,243.23101042,512,17,9,32094,5414193,5000000,5eca4720-c896-41ba-b4fe-69c6c56a8986,1,5.0
../experiments/varied_num_tasks/input_lrp/input_table_8nodes_256tasks.csv,more_qubits_new_outputs/1_varied_imbs_speedup/case_256_k_349_resultid_0_experimentid_1.csv,349,1,0,8,2048,0.3087357187371743,2.5156270790327473,349,63897.72119524,10453.153759265,7987.215149405,6327.513869465234,26296.236658099995,7987.2151494049995,486.4383221,576,17,9,16046,5001378,5000000,2f6199c5-c81a-40c4-b118-f9811dd8ce0d,1,5.0
../experiments/varied_num_tasks/input_lrp/input_table_8nodes_256tasks.csv,more_qubits_new_outputs/1_varied_imbs_speedup/case_256_k_1792_resultid_0_experimentid_1.csv,1792,1,0,8,2048,3.353337989671477e-05,3.2921806154093565,1584,63897.721195239996,7987.482987724921,7987.2151494049995,7987.009006555234,26296.236658099995,7987.2151494049995,486.4383221,576,17,9,32108,5329678,5000000,9a324441-713e-4bd2-93c2-31b44d92c85b,1,5.0
../experiments/varied_num_tasks/input_lrp/input_table_8nodes_512tasks.csv,more_qubits_new_outputs/1_varied_imbs_speedup/case_512_k_696_resultid_0_experimentid_1.csv,696,1,0,8,4096,0.5404397562831106,2.1331548635416806,696,127472.96156878001,24545.552231462225,15934.120196097501,11191.385281536875,52359.46412086,15934.120196097501,1051.35350226,640,17,9,32103,5309839,5000000,bf3b75f5-7a97-4ef0-a847-9e5a940fccfd,1,5.0
../experiments/varied_num_tasks/input_lrp/input_table_8nodes_512tasks.csv,more_qubits_new_outputs/1_varied_imbs_speedup/case_512_k_3584_resultid_0_experimentid_1.csv,3584,1,0,8,4096,4.282824689604511e-05,3.285855830663498,3365,127472.96156878001,15934.802626531331,15934.120196097501,15933.616142341643,52359.46412086,15934.120196097501,1051.35350226,640,17,9,32104,5472002,5000000,a2d05893-9803-4e26-9bae-63830caf9fb4,1,5.0
../experiments/varied_num_tasks/input_lrp/input_table_8nodes_1024tasks.csv,more_qubits_new_outputs/1_varied_imbs_speedup/case_1024_k_1407_resultid_0_experimentid_1.csv,1407,1,0,8,8192,0.5460056753676186,2.132007621654846,1405,254825.70872307997,49245.24898943216,31853.213590384996,20099.719338673087,104991.24617575998,31853.213590384996,2044.24471858,704,17,9,32067,5344884,5000000,2aea4bf0-ec80-43ec-94a8-aa76d85e23db,1,5.0
../experiments/varied_num_tasks/input_lrp/input_table_8nodes_1024tasks.csv,more_qubits_new_outputs/1_varied_imbs_speedup/case_1024_k_7168_resultid_0_experimentid_1.csv,7168,1,0,8,8192,2.1274515593139804e-05,3.296025761653949,7099,254825.70872307997,31853.891252074216,31853.213590384996,31852.584708714898,104991.24617575998,31853.213590384996,2044.24471858,704,17,9,32054,5347177,5000000,038db99d-0c39-4ac8-b415-52f5a4c33f17,1,5.0
../experiments/varied_num_tasks/input_lrp/input_table_8nodes_2048tasks.csv,more_qubits_new_outputs/1_varied_imbs_speedup/case_2048_k_2800_resultid_0_experimentid_1.csv,2800,1,0,8,16384,0.36081764446425985,2.415102961233823,2799,510074.46222303994,86764.79102296641,63759.30777787999,47579.1689230136,209545.9037304,63759.30777788,3940.82293512,768,17,9,32107,5493455,5000000,f22731f8-258e-41d6-aa10-3cd1a8b8c40b,1,5.0
../experiments/varied_num_tasks/input_lrp/input_table_8nodes_2048tasks.csv,more_qubits_new_outputs/1_varied_imbs_speedup/case_2048_k_14336_resultid_0_experimentid_1.csv,14336,1,0,8,16384,4.644669413060179e-06,3.28649945814136,13368,510074.46222304,63759.60391878663,63759.30777788,63758.90197620386,209545.9037304,63759.30777788,3940.82293512,768,17,9,32019,5093507,5000000,89800a24-ca2a-4cdb-8394-0f0f3f32aa13,1,5.0
../experiments/real_usecase_samoa/input_lrp/samoa_osc_case_32procs.csv,more_qubits_new_outputs/samoa/case_32_k_1568_resultid_0_experimentid_3.csv,1568,1,0,32,6656,2.5699874317755027,1.4564209458192876,1568,68989.56544161998,7696.621298444903,2155.9239200506245,1127.6131146908704,11209.520471094,2155.923920050625,61.33569717099999,8192,65,33,16027,6315277,6308558,b23a67c2-e9e1-4087-b48c-a8aaa152283c,3,5.0
../experiments/real_usecase_samoa/input_lrp/samoa_osc_case_32procs.csv,more_qubits_new_outputs/samoa/case_32_k_6447_resultid_0_experimentid_3.csv,6447,1,0,32,6656,9.986367873806487e-05,5.198885292138837,6412,68989.56544161998,2156.13921854436,2155.9239200506245,2155.7577503078023,11209.520471094,2155.923920050625,61.33569717099999,8192,65,33,32023,6173992,6173992,0b484a12-7a8e-4fb5-badf-835e5859dccb,3,5.0
../experiments/real_usecase_samoa/input_lrp/samoa_osc_case_32procs.csv,more_qubits_new_outputs/samoa/case_32_k_1568_resultid_0_experimentid_5.csv,1568,1,0,32,6656,2.6245848482339897,1.4344827586206896,1568,68989.56544161998,7814.329174560721,2155.9239200506245,1017.5056001561728,11209.520471094,2155.923920050625,61.33569717099999,8192,65,33,32049,6247320,6247320,edefedfc-39a8-4442-b16e-34984af0b9cf,5,5.0
../experiments/varied_imb_ratios/input_lrp/input_table_varied_imbs_case0.csv,more_qubits_new_outputs/1_varied_imbs_speedup/case_0_k_2_resultid_0_experimentid_7.csv,2,1,0,8,400,0.007464885467116734,1.010926187815064,2,18304.557609559997,2305.1498794552003,2288.0697011949997,2268.7243557048,2330.33637998,2288.069701195,2257.5401783,384,17,9,31898,5079819,5000000,713ca7b7-b36c-458a-be41-f58473b03b62,7,5.0
../experiments/varied_imb_ratios/input_lrp/input_table_varied_imbs_case0.csv,more_qubits_new_outputs/1_varied_imbs_speedup/case_0_k_347_resultid_0_experimentid_7.csv,347,1,0,8,400,0.003042773184996779,1.0153830556884633,342,18304.557609559997,2295.0317783271994,2288.0697011949997,2284.8744029995996,2330.33637998,2288.069701195,2257.5401783,384,17,9,16037,5162749,5000000,17f33ba6-f598-4a37-859e-4db4763b87b5,7,5.0
../experiments/varied_imb_ratios/input_lrp/input_table_varied_imbs_case1.csv,more_qubits_new_outputs/1_varied_imbs_speedup/case_1_k_73_resultid_0_experimentid_7.csv,73,1,0,8,400,0.18565340644590508,2.5,73,13831.30836486,2049.8922348,1728.9135456075,1472.5110416228,5124.730587,1728.9135456075,94.24691198,384,17,9,32057,5302228,5000000,276dad6b-6741-4968-b5b0-2ffcc54fc2f0,7,5.0
../experiments/varied_imb_ratios/input_lrp/input_table_varied_imbs_case1.csv,more_qubits_new_outputs/1_varied_imbs_speedup/case_1_k_354_resultid_0_experimentid_7.csv,354,1,0,8,400,0.0003545705639578373,2.9630828941419334,323,13831.308364859999,1729.5265674584002,1728.9135456074998,1728.0178775755999,5124.730587,1728.9135456075,94.24691198,384,17,9,32080,5290856,5000000,1e58006f-b916-4f39-b730-fb5ad884e653,7,5.0
../experiments/varied_imb_ratios/input_lrp/input_table_varied_imbs_case2.csv,more_qubits_new_outputs/1_varied_imbs_speedup/case_2_k_107_resultid_0_experimentid_7.csv,107,1,0,8,400,0.16578922909146618,3.125,107,11390.11468888,1659.8091278016,1423.76433611,1301.9875612383998,5186.90352438,1423.76433611,94.75812912,384,17,9,32091,5351114,5000000,8ed1a030-1481-4257-93fc-2cba746bdfb1,7,5.0
../experiments/varied_imb_ratios/input_lrp/input_table_varied_imbs_case2.csv,more_qubits_new_outputs/1_varied_imbs_speedup/case_2_k_352_resultid_0_experimentid_7.csv,352,1,0,8,400,0.0007175574235769504,3.640479088115777,351,11390.114688880001,1424.7859687788,1423.7643361100002,1423.1865272556001,5186.90352438,1423.76433611,94.75812912,384,17,9,32085,5413980,5000000,ed0e52e8-872e-4ac1-b7e6-7e40c2f7379a,7,5.0
../experiments/varied_imb_ratios/input_lrp/input_table_varied_imbs_case3.csv,more_qubits_new_outputs/1_varied_imbs_speedup/case_3_k_49_resultid_0_experimentid_7.csv,49,1,0,8,400,0.1380699515516153,4.363320404265679,49,8301.780509920001,1181.0008678396,1037.7225637400002,903.1882581808,5153.0851841,1037.7225637400002,95.34163476,384,17,9,32042,5158981,5000000,5a287340-b94a-496c-aed4-bb35bbbd3471,7,5.0
../experiments/varied_imb_ratios/input_lrp/input_table_varied_imbs_case3.csv,more_qubits_new_outputs/1_varied_imbs_speedup/case_3_k_348_resultid_0_experimentid_7.csv,348,1,0,8,400,0.0006620517332917781,4.962478423645019,323,8301.78050992,1038.409589762,1037.72256374,1036.5200376552,5153.0851841,1037.7225637400002,95.34163476,384,17,9,32070,5411141,5000000,9a92b00f-9262-49c9-80d7-f6aa9cc396a2,7,5.0
../experiments/varied_imb_ratios/input_lrp/input_table_varied_imbs_case4.csv,more_qubits_new_outputs/1_varied_imbs_speedup/case_4_k_71_resultid_0_experimentid_7.csv,71,1,0,8,400,0.4120536102061307,3.125,70,9354.59132198,1651.1480560256,1169.3239152475,997.3000717172,5159.83767508,1169.3239152474998,94.25210954,384,17,9,32071,5424915,5000000,6aebc89b-e31b-4ece-9797-a80d426a2515,7,5.0
../experiments/varied_imb_ratios/input_lrp/input_table_varied_imbs_case4.csv,more_qubits_new_outputs/1_varied_imbs_speedup/case_4_k_353_resultid_0_experimentid_7.csv,353,1,0,8,400,0.0006370755500558876,4.409858119107259,286,9354.591321980002,1170.068862924,1169.3239152475003,1168.628850938,5159.83767508,1169.3239152474998,94.25210954,384,17,9,32072,5275954,5000000,33fb0948-46f8-4565-96b5-9a1f1ad1364d,7,5.0
../experiments/real_usecase_samoa/input_lrp/samoa_osc_case_32procs.csv,more_qubits_new_outputs/samoa/case_32_k_1568_resultid_0_experimentid_9.csv,1568,1,0,32,6656,1.3997251408997446,2.1666666666666665,1533,68989.56544162,5173.624832812616,2155.923920050625,1109.408969353187,11209.520471094,2155.923920050625,61.33569717099999,8192,65,33,32049,40308592,40000000,bf67ee85-d2c6-4ee5-95c7-478816923bdd,9,40.0
../experiments/real_usecase_samoa/input_lrp/samoa_osc_case_32procs.csv,more_qubits_new_outputs/samoa/case_32_k_6447_resultid_0_experimentid_9.csv,6447,1,0,32,6656,6.485455516861144e-05,5.1990672887531435,6438,68989.56544161998,2156.0637415374367,2155.9239200506245,2155.7305360646537,11209.520471094,2155.923920050625,61.33569717099999,8192,65,33,32057,39227861,39227861,b0db2166-cd37-47db-834c-712d15eaa873,9,40.0
../experiments/varied_num_tasks/input_lrp/input_table_8nodes_2048tasks.csv,more_qubits_new_outputs/3_varied_num_tasks/tasks_2048_k_14336_resultid_0_experimentid_11.csv,14336,1,0,8,16384,8.386818387021398e-06,3.28648715967393,13360,510074.46222304,63759.842515614815,63759.30777788,63758.75109182541,209545.9037304,63759.30777788,3940.82293512,768,17,9,32055,5372777,5000000,b78f7a46-e18e-49e7-bf25-e6c11944632d,11,5.0
../experiments/varied_num_procs/input_lrp/input_table_4nodes.csv,more_qubits_new_outputs/2_varied_num_procs/nodes_4_k_90_resultid_0_experimentid_11.csv,90,1,0,4,400,0.08366128575701413,3.1249999999999996,87,12192.955255480001,3303.2583923328,3048.2388138700003,2962.7606243892,10322.68247604,3048.23881387,187.59217262,112,9,5,32038,5272856,5000000,7d197563-bbb2-44f4-af70-b65113fe3138,11,5.0
../experiments/varied_num_procs/input_lrp/input_table_4nodes.csv,more_qubits_new_outputs/2_varied_num_procs/nodes_4_k_300_resultid_0_experimentid_11.csv,300,1,0,4,400,0.0170215079065695,3.3297639151813994,294,12192.95525548,3100.1244349414,3048.23881387,3002.248647208,10322.68247604,3048.23881387,187.59217262,112,9,5,32041,5155944,5000000,8e641925-0c45-4993-a4d1-be3899829ff0,11,5.0
../experiments/varied_num_procs/input_lrp/input_table_8nodes.csv,more_qubits_new_outputs/2_varied_num_procs/nodes_8_k_163_resultid_0_experimentid_11.csv,163,1,0,8,800,0.37806784782536523,2.359223836959779,163,25396.24214168,4374.7180938796,3174.53026771,2655.6651601698,10320.93920706,3174.5302677100003,188.86241912000003,448,17,9,32106,5352731,5000000,8b1618b4-2bca-48ba-9ece-5f680477d2d7,11,5.0
../experiments/varied_num_procs/input_lrp/input_table_8nodes.csv,more_qubits_new_outputs/2_varied_num_procs/nodes_8_k_700_resultid_0_experimentid_11.csv,700,1,0,8,800,0.040374564971988124,3.125,695,25396.24214168,3302.7005462592,3174.53026771,3155.5840430134,10320.93920706,3174.5302677100003,188.86241912000003,448,17,9,16042,5002417,5000000,8ec09aaf-0aa3-404a-94cb-e9059783db85,11,5.0
../experiments/varied_num_procs/input_lrp/input_table_16nodes.csv,more_qubits_new_outputs/2_varied_num_procs/nodes_16_k_350_resultid_0_experimentid_11.csv,350,1,0,16,1600,0.21265361595087623,2.4689586113227135,349,55300.23536682,4191.2518987818,3456.26471042625,2962.2657966548,10348.02746772,3456.2647104262496,188.88993264,1792,33,17,32070,5272027,5000000,ab11ec5d-0b67-4eb9-a747-ed60eea53254,11,5.0
../experiments/varied_num_procs/input_lrp/input_table_16nodes.csv,more_qubits_new_outputs/2_varied_num_procs/nodes_16_k_1499_resultid_0_experimentid_11.csv,1499,1,0,16,1600,0.00021516966999283194,2.9933475100576294,1463,55300.23536682,3457.0083937634004,3456.26471042625,3455.4462370870006,10348.02746772,3456.2647104262496,188.88993264,1792,33,17,32083,5268811,5000000,22380ec6-cbba-415f-bf65-5bbd4c0f4462,11,5.0
../experiments/varied_num_procs/input_lrp/input_table_32nodes.csv,more_qubits_new_outputs/2_varied_num_procs/nodes_32_k_644_resultid_0_experimentid_11.csv,644,1,0,32,3200,1.06593483357581,1.6499476302921268,644,101942.36807832,6581.446538444,3185.6990024475,2105.0513582226,10859.042119999998,3185.6990024475,181.31871224,7168,65,33,16055,5007099,5000000,dc2de61a-50ae-49bd-a0db-e54b41f16326,11,5.0
../experiments/varied_num_procs/input_lrp/input_table_32nodes.csv,more_qubits_new_outputs/2_varied_num_procs/nodes_32_k_3098_resultid_0_experimentid_11.csv,3098,1,0,32,3200,0.0003261944103011946,3.4075727518120313,3090,101942.36807832,3186.7381596550003,3185.6990024475,3184.985044958,10859.042119999998,3185.6990024475,181.31871224,7168,65,33,16017,5005608,5000000,1e015ae4-f1df-4fd1-94c2-0147c7838106,11,5.0
../experiments/varied_num_procs/input_lrp/input_table_64nodes.csv,more_qubits_new_outputs/2_varied_num_procs/nodes_64_k_2353_resultid_0_experimentid_11.csv,2353,1,0,64,6400,0.7721672579077269,3.136527898419367,2353,1714501.65195474,47474.745175357806,26789.088311792813,25845.266455181998,148905.86271286,26789.088311792817,552.5210857399999,28672,129,65,32088,34647193,34647193,763b4e2b-4f54-4a84-b8da-927d502c4c2f,11,5.0
../experiments/varied_num_tasks/input_lrp/input_table_8nodes_8tasks.csv,more_qubits_new_outputs/3_varied_num_tasks/tasks_8_k_11_resultid_0_experimentid_11.csv,11,28,0,8,64,0.13765962870218065,2.912747789099541,11,2018.44196312,287.03749179,252.30524539,221.74874542,836.0678196,252.30524539,12.66603468,256,17,9,32022,5133707,5000000,2e56c8f5-6984-4ef3-ab44-1813940ecd51,11,5.0
../experiments/varied_num_tasks/input_lrp/input_table_8nodes_8tasks.csv,more_qubits_new_outputs/3_varied_num_tasks/tasks_8_k_11_resultid_1_experimentid_11.csv,11,28,1,8,64,0.13765962870218065,2.912747789099541,11,2018.44196312,287.03749179,252.30524539,221.74874542,836.0678196,252.30524539,12.66603468,256,17,9,32022,5133707,5000000,2e56c8f5-6984-4ef3-ab44-1813940ecd51,11,5.0
../experiments/varied_num_tasks/input_lrp/input_table_8nodes_8tasks.csv,more_qubits_new_outputs/3_varied_num_tasks/tasks_8_k_11_resultid_2_experimentid_11.csv,11,28,2,8,64,0.13765962870218065,2.912747789099541,11,2018.44196312,287.03749179,252.30524539,221.74874542,836.0678196,252.30524539,12.66603468,256,17,9,32022,5133707,5000000,2e56c8f5-6984-4ef3-ab44-1813940ecd51,11,5.0
../experiments/varied_num_tasks/input_lrp/input_table_8nodes_8tasks.csv,more_qubits_new_outputs/3_varied_num_tasks/tasks_8_k_11_resultid_3_experimentid_11.csv,11,28,3,8,64,0.13765962870218065,2.912747789099541,11,2018.44196312,287.03749179,252.30524539,221.74874542,836.0678196,252.30524539,12.66603468,256,17,9,32022,5133707,5000000,2e56c8f5-6984-4ef3-ab44-1813940ecd51,11,5.0
../experiments/varied_num_tasks/input_lrp/input_table_8nodes_8tasks.csv,more_qubits_new_outputs/3_varied_num_tasks/tasks_8_k_11_resultid_4_experimentid_11.csv,11,28,4,8,64,0.13765962870218065,2.912747789099541,11,2018.44196312,287.03749179,252.30524539,221.74874542,836.0678196,252.30524539,12.66603468,256,17,9,32022,5133707,5000000,2e56c8f5-6984-4ef3-ab44-1813940ecd51,11,5.0
../experiments/varied_num_tasks/input_lrp/input_table_8nodes_8tasks.csv,more_qubits_new_outputs/3_varied_num_tasks/tasks_8_k_11_resultid_5_experimentid_11.csv,11,28,5,8,64,0.13765962870218065,2.912747789099541,11,2018.44196312,287.03749179,252.30524539,221.74874542,836.0678196,252.30524539,12.66603468,256,17,9,32022,5133707,5000000,2e56c8f5-6984-4ef3-ab44-1813940ecd51,11,5.0
../experiments/varied_num_tasks/input_lrp/input_table_8nodes_8tasks.csv,more_qubits_new_outputs/3_varied_num_tasks/tasks_8_k_11_resultid_6_experimentid_11.csv,11,28,6,8,64,0.13765962870218065,2.912747789099541,11,2018.44196312,287.03749179,252.30524539,221.74874542,836.0678196,252.30524539,12.66603468,256,17,9,32022,5133707,5000000,2e56c8f5-6984-4ef3-ab44-1813940ecd51,11,5.0
../experiments/varied_num_tasks/input_lrp/input_table_8nodes_8tasks.csv,more_qubits_new_outputs/3_varied_num_tasks/tasks_8_k_11_resultid_7_experimentid_11.csv,11,28,7,8,64,0.13765962870218065,2.912747789099541,11,2018.44196312,287.03749179,252.30524539,221.74874542,836.0678196,252.30524539,12.66603468,256,17,9,32022,5133707,5000000,2e56c8f5-6984-4ef3-ab44-1813940ecd51,11,5.0
../experiments/varied_num_tasks/input_lrp/input_table_8nodes_8tasks.csv,more_qubits_new_outputs/3_varied_num_tasks/tasks_8_k_11_resultid_8_experimentid_11.csv,11,28,8,8,64,0.13765962870218065,2.912747789099541,11,2018.44196312,287.03749179,252.30524539,221.74874542,836.0678196,252.30524539,12.66603468,256,17,9,32022,5133707,5000000,2e56c8f5-6984-4ef3-ab44-1813940ecd51,11,5.0
../experiments/varied_num_tasks/input_lrp/input_table_8nodes_8tasks.csv,more_qubits_new_outputs/3_varied_num_tasks/tasks_8_k_11_resultid_9_experimentid_11.csv,11,28,9,8,64,0.13765962870218065,2.912747789099541,11,2018.44196312,287.03749179,252.30524539,221.74874542,836.0678196,252.30524539,12.66603468,256,17,9,32022,5133707,5000000,2e56c8f5-6984-4ef3-ab44-1813940ecd51,11,5.0
../experiments/varied_num_tasks/input_lrp/input_table_8nodes_8tasks.csv,more_qubits_new_outputs/3_varied_num_tasks/tasks_8_k_11_resultid_10_experimentid_11.csv,11,28,10,8,64,0.13765962870218065,2.912747789099541,11,2018.44196312,287.03749179,252.30524539,221.74874542,836.0678196,252.30524539,12.66603468,256,17,9,32022,5133707,5000000,2e56c8f5-6984-4ef3-ab44-1813940ecd51,11,5.0
../experiments/varied_num_tasks/input_lrp/input_table_8nodes_8tasks.csv,more_qubits_new_outputs/3_varied_num_tasks/tasks_8_k_11_resultid_11_experimentid_11.csv,11,28,11,8,64,0.13765962870218065,2.912747789099541,11,2018.44196312,287.03749179,252.30524539,221.74874542,836.0678196,252.30524539,12.66603468,256,17,9,32022,5133707,5000000,2e56c8f5-6984-4ef3-ab44-1813940ecd51,11,5.0
../experiments/varied_num_tasks/input_lrp/input_table_8nodes_8tasks.csv,more_qubits_new_outputs/3_varied_num_tasks/tasks_8_k_11_resultid_12_experimentid_11.csv,11,28,12,8,64,0.13765962870218065,2.912747789099541,11,2018.44196312,287.03749179,252.30524539,221.74874542,836.0678196,252.30524539,12.66603468,256,17,9,32022,5133707,5000000,2e56c8f5-6984-4ef3-ab44-1813940ecd51,11,5.0
../experiments/varied_num_tasks/input_lrp/input_table_8nodes_8tasks.csv,more_qubits_new_outputs/3_varied_num_tasks/tasks_8_k_11_resultid_13_experimentid_11.csv,11,28,13,8,64,0.13765962870218065,2.912747789099541,11,2018.44196312,287.03749179,252.30524539,221.74874542,836.0678196,252.30524539,12.66603468,256,17,9,32022,5133707,5000000,2e56c8f5-6984-4ef3-ab44-1813940ecd51,11,5.0
../experiments/varied_num_tasks/input_lrp/input_table_8nodes_8tasks.csv,more_qubits_new_outputs/3_varied_num_tasks/tasks_8_k_11_resultid_14_experimentid_11.csv,11,28,14,8,64,0.13765962870218065,2.912747789099541,11,2018.44196312,287.03749179,252.30524539,221.74874542,836.0678196,252.30524539,12.66603468,256,17,9,32022,5133707,5000000,2e56c8f5-6984-4ef3-ab44-1813940ecd51,11,5.0
../experiments/varied_num_tasks/input_lrp/input_table_8nodes_8tasks.csv,more_qubits_new_outputs/3_varied_num_tasks/tasks_8_k_11_resultid_15_experimentid_11.csv,11,28,15,8,64,0.13765962870218065,2.912747789099541,11,2018.44196312,287.03749179,252.30524539,221.74874542,836.0678196,252.30524539,12.66603468,256,17,9,32022,5133707,5000000,2e56c8f5-6984-4ef3-ab44-1813940ecd51,11,5.0
../experiments/varied_num_tasks/input_lrp/input_table_8nodes_8tasks.csv,more_qubits_new_outputs/3_varied_num_tasks/tasks_8_k_11_resultid_16_experimentid_11.csv,11,28,16,8,64,0.13765962870218065,2.912747789099541,11,2018.44196312,287.03749179,252.30524539,221.74874542,836.0678196,252.30524539,12.66603468,256,17,9,32022,5133707,5000000,2e56c8f5-6984-4ef3-ab44-1813940ecd51,11,5.0
../experiments/varied_num_tasks/input_lrp/input_table_8nodes_8tasks.csv,more_qubits_new_outputs/3_varied_num_tasks/tasks_8_k_11_resultid_17_experimentid_11.csv,11,28,17,8,64,0.13765962870218065,2.912747789099541,11,2018.44196312,287.03749179,252.30524539,221.74874542,836.0678196,252.30524539,12.66603468,256,17,9,32022,5133707,5000000,2e56c8f5-6984-4ef3-ab44-1813940ecd51,11,5.0
../experiments/varied_num_tasks/input_lrp/input_table_8nodes_8tasks.csv,more_qubits_new_outputs/3_varied_num_tasks/tasks_8_k_11_resultid_18_experimentid_11.csv,11,28,18,8,64,0.13765962870218065,2.912747789099541,11,2018.44196312,287.03749179,252.30524539,221.74874542,836.0678196,252.30524539,12.66603468,256,17,9,32022,5133707,5000000,2e56c8f5-6984-4ef3-ab44-1813940ecd51,11,5.0
../experiments/varied_num_tasks/input_lrp/input_table_8nodes_8tasks.csv,more_qubits_new_outputs/3_varied_num_tasks/tasks_8_k_11_resultid_19_experimentid_11.csv,11,28,19,8,64,0.13765962870218065,2.912747789099541,11,2018.44196312,287.03749179,252.30524539,221.74874542,836.0678196,252.30524539,12.66603468,256,17,9,32022,5133707,5000000,2e56c8f5-6984-4ef3-ab44-1813940ecd51,11,5.0
../experiments/varied_num_tasks/input_lrp/input_table_8nodes_8tasks.csv,more_qubits_new_outputs/3_varied_num_tasks/tasks_8_k_11_resultid_20_experimentid_11.csv,11,28,20,8,64,0.13765962870218065,2.912747789099541,11,2018.44196312,287.03749179,252.30524539,221.74874542,836.0678196,252.30524539,12.66603468,256,17,9,32022,5133707,5000000,2e56c8f5-6984-4ef3-ab44-1813940ecd51,11,5.0
../experiments/varied_num_tasks/input_lrp/input_table_8nodes_8tasks.csv,more_qubits_new_outputs/3_varied_num_tasks/tasks_8_k_11_resultid_21_experimentid_11.csv,11,28,21,8,64,0.13765962870218065,2.912747789099541,11,2018.44196312,287.03749179,252.30524539,221.74874542,836.0678196,252.30524539,12.66603468,256,17,9,32022,5133707,5000000,2e56c8f5-6984-4ef3-ab44-1813940ecd51,11,5.0
../experiments/varied_num_tasks/input_lrp/input_table_8nodes_8tasks.csv,more_qubits_new_outputs/3_varied_num_tasks/tasks_8_k_11_resultid_22_experimentid_11.csv,11,28,22,8,64,0.13765962870218065,2.912747789099541,11,2018.44196312,287.03749179,252.30524539,221.74874542,836.0678196,252.30524539,12.66603468,256,17,9,32022,5133707,5000000,2e56c8f5-6984-4ef3-ab44-1813940ecd51,11,5.0
../experiments/varied_num_tasks/input_lrp/input_table_8nodes_8tasks.csv,more_qubits_new_outputs/3_varied_num_tasks/tasks_8_k_11_resultid_23_experimentid_11.csv,11,28,23,8,64,0.13765962870218065,2.912747789099541,11,2018.44196312,287.03749179,252.30524539,221.74874542,836.0678196,252.30524539,12.66603468,256,17,9,32022,5133707,5000000,2e56c8f5-6984-4ef3-ab44-1813940ecd51,11,5.0
../experiments/varied_num_tasks/input_lrp/input_table_8nodes_8tasks.csv,more_qubits_new_outputs/3_varied_num_tasks/tasks_8_k_11_resultid_24_experimentid_11.csv,11,28,24,8,64,0.13765962870218065,2.912747789099541,11,2018.44196312,287.03749179,252.30524539,221.74874542,836.0678196,252.30524539,12.66603468,256,17,9,32022,5133707,5000000,2e56c8f5-6984-4ef3-ab44-1813940ecd51,11,5.0
../experiments/varied_num_tasks/input_lrp/input_table_8nodes_8tasks.csv,more_qubits_new_outputs/3_varied_num_tasks/tasks_8_k_11_resultid_25_experimentid_11.csv,11,28,25,8,64,0.13765962870218065,2.912747789099541,11,2018.44196312,287.03749179,252.30524539,221.74874542,836.0678196,252.30524539,12.66603468,256,17,9,32022,5133707,5000000,2e56c8f5-6984-4ef3-ab44-1813940ecd51,11,5.0
../experiments/varied_num_tasks/input_lrp/input_table_8nodes_8tasks.csv,more_qubits_new_outputs/3_varied_num_tasks/tasks_8_k_11_resultid_26_experimentid_11.csv,11,28,26,8,64,0.13765962870218065,2.912747789099541,11,2018.44196312,287.03749179,252.30524539,221.74874542,836.0678196,252.30524539,12.66603468,256,17,9,32022,5133707,5000000,2e56c8f5-6984-4ef3-ab44-1813940ecd51,11,5.0
../experiments/varied_num_tasks/input_lrp/input_table_8nodes_8tasks.csv,more_qubits_new_outputs/3_varied_num_tasks/tasks_8_k_11_resultid_27_experimentid_11.csv,11,28,27,8,64,0.13765962870218065,2.912747789099541,11,2018.44196312,287.03749179,252.30524539,221.74874542,836.0678196,252.30524539,12.66603468,256,17,9,32022,5133707,5000000,2e56c8f5-6984-4ef3-ab44-1813940ecd51,11,5.0
../experiments/varied_num_tasks/input_lrp/input_table_8nodes_8tasks.csv,more_qubits_new_outputs/3_varied_num_tasks/tasks_8_k_56_resultid_0_experimentid_11.csv,56,2,0,8,64,0.0011305511487051288,3.309973473936938,54,2018.44196312,252.590489375,252.30524539,251.986515515,836.0678196,252.30524539,12.66603468,256,17,9,32057,5264469,5000000,94bc588c-2b86-49ae-998e-10f6d9074141,11,5.0
../experiments/varied_num_tasks/input_lrp/input_table_8nodes_8tasks.csv,more_qubits_new_outputs/3_varied_num_tasks/tasks_8_k_56_resultid_1_experimentid_11.csv,56,2,1,8,64,0.0011305511487051288,3.309973473936938,54,2018.44196312,252.590489375,252.30524539,251.986515515,836.0678196,252.30524539,12.66603468,256,17,9,32057,5264469,5000000,94bc588c-2b86-49ae-998e-10f6d9074141,11,5.0
../experiments/varied_num_tasks/input_lrp/input_table_8nodes_16tasks.csv,more_qubits_new_outputs/3_varied_num_tasks/tasks_16_k_112_resultid_0_experimentid_11.csv,112,1,0,8,128,0.0005859139339498253,3.3625339985449485,106,4002.0733833599998,500.55228174,500.25917291999997,499.80373085999986,1683.1240653999998,500.25917291999997,25.55708884,320,17,9,32094,5334764,5000000,861f71b5-f45c-4a9a-85cf-80f3be9599e7,11,5.0
../experiments/varied_num_tasks/input_lrp/input_table_8nodes_32tasks.csv,more_qubits_new_outputs/3_varied_num_tasks/tasks_32_k_43_resultid_0_experimentid_11.csv,43,1,0,8,256,0.1274004456227898,2.888865293103562,43,8130.74688912,1145.825958255,1016.34336114,968.7624111999999,3310.13684274,1016.3433611400001,60.80660821999999,384,17,9,32038,5220313,5000000,17da257f-bc86-490e-a437-7980e6c581ed,11,5.0
../experiments/varied_num_tasks/input_lrp/input_table_8nodes_32tasks.csv,more_qubits_new_outputs/3_varied_num_tasks/tasks_32_k_224_resultid_0_experimentid_11.csv,224,2,0,8,256,0.0006169752955554425,3.254899826007013,216,8130.746889119999,1016.970419885625,1016.3433611399998,1016.0256802956249,3310.13684274,1016.3433611400001,60.80660821999999,384,17,9,32083,5262315,5000000,45e961a2-669c-4a2e-8282-1a732da52975,11,5.0
../experiments/varied_num_tasks/input_lrp/input_table_8nodes_32tasks.csv,more_qubits_new_outputs/3_varied_num_tasks/tasks_32_k_224_resultid_1_experimentid_11.csv,224,2,1,8,256,0.0006169752955554425,3.254899826007013,216,8130.746889119999,1016.970419885625,1016.3433611399998,1016.0256802956249,3310.13684274,1016.3433611400001,60.80660821999999,384,17,9,32083,5262315,5000000,45e961a2-669c-4a2e-8282-1a732da52975,11,5.0
../experiments/varied_num_tasks/input_lrp/input_table_8nodes_64tasks.csv,more_qubits_new_outputs/3_varied_num_tasks/tasks_64_k_87_resultid_0_experimentid_11.csv,87,1,0,8,512,0.1449856105897483,2.86792478571462,87,16190.90800288,2317.29458571,2023.86350036,1879.58537413375,6645.82657816,2023.86350036,120.220232,448,17,9,32080,5311132,5000000,bc7343db-027a-4d66-96b0-e3fc7772286a,11,5.0
../experiments/varied_num_tasks/input_lrp/input_table_8nodes_64tasks.csv,more_qubits_new_outputs/3_varied_num_tasks/tasks_64_k_448_resultid_0_experimentid_11.csv,448,1,0,8,512,0.00012372405686856842,3.2833263854364976,421,16190.908002879998,2024.1139009628125,2023.8635003599998,2023.4918341128123,6645.82657816,2023.86350036,120.220232,448,17,9,16042,5002759,5000000,71b730aa-68f1-45a1-8494-619c63024ddd,11,5.0
../experiments/varied_num_tasks/input_lrp/input_table_8nodes_128tasks.csv,more_qubits_new_outputs/3_varied_num_tasks/tasks_128_k_196_resultid_0_experimentid_11.csv,196,1,0,8,1024,0.16908031541087407,2.7995093731416265,194,32209.662389740002,4706.960283234376,4026.2077987175003,3805.2735671389064,13177.179431920002,4026.2077987175,243.23101042,512,17,9,32096,5293851,5000000,abbc3112-3c8e-4019-b161-cc54f0a3a4f9,11,5.0
../experiments/varied_num_tasks/input_lrp/input_table_8nodes_128tasks.csv,more_qubits_new_outputs/3_varied_num_tasks/tasks_128_k_896_resultid_0_experimentid_11.csv,896,1,0,8,1024,0.00012383647080753925,3.2724460527780272,809,32209.662389740002,4026.7063900820312,4026.2077987175003,4025.510608389688,13177.179431920002,4026.2077987175,243.23101042,512,17,9,32092,5319364,5000000,31a8a4ce-8d6b-4290-80c9-718b842c80e4,11,5.0
../experiments/varied_num_tasks/input_lrp/input_table_8nodes_256tasks.csv,more_qubits_new_outputs/3_varied_num_tasks/tasks_256_k_349_resultid_0_experimentid_11.csv,349,1,0,8,2048,0.6461455066763105,2.0,333,63897.72119524,13148.118329049998,7987.215149405,5855.855569250468,26296.236658099995,7987.2151494049995,486.4383221,576,17,9,32092,5499643,5000000,b4675b36-89f7-4b41-9625-b2f6acba1a9c,11,5.0
../experiments/varied_num_tasks/input_lrp/input_table_8nodes_256tasks.csv,more_qubits_new_outputs/3_varied_num_tasks/tasks_256_k_1792_resultid_0_experimentid_11.csv,1792,1,0,8,2048,5.236564407010727e-05,3.292118619440759,1783,63897.721195239996,7987.633405070625,7987.2151494049995,7986.7024142282025,26296.236658099995,7987.2151494049995,486.4383221,576,17,9,16043,5001303,5000000,87e0bf93-1207-4e37-a65e-74698ddb9a02,11,5.0
../experiments/varied_num_tasks/input_lrp/input_table_8nodes_512tasks.csv,more_qubits_new_outputs/3_varied_num_tasks/tasks_512_k_696_resultid_0_experimentid_11.csv,696,1,0,8,4096,0.29900403727965913,2.5296276715118826,694,127472.96156878,20698.486465230006,15934.1201960975,11922.006669078788,52359.46412086,15934.120196097501,1051.35350226,640,17,9,32096,5312564,5000000,5a154689-6144-43a7-a242-f9ac5ddbf9a8,11,5.0
../experiments/varied_num_tasks/input_lrp/input_table_8nodes_512tasks.csv,more_qubits_new_outputs/3_varied_num_tasks/tasks_512_k_3584_resultid_0_experimentid_11.csv,3584,1,0,8,4096,3.137290195570638e-05,3.2858934700946048,3583,127472.96156878,15934.620095688162,15934.1201960975,15933.51993066,52359.46412086,15934.120196097501,1051.35350226,640,17,9,32055,5346297,5000000,0346b86a-6933-4b40-9e61-174e38d4d414,11,5.0
../experiments/varied_num_tasks/input_lrp/input_table_8nodes_1024tasks.csv,more_qubits_new_outputs/3_varied_num_tasks/tasks_1024_k_1407_resultid_0_experimentid_11.csv,1407,1,0,8,8192,0.6480479415027054,2.0,1407,254825.70872307997,52495.62308787999,31853.213590384996,19834.267567532715,104991.24617575998,31853.213590384996,2044.24471858,704,17,9,32070,5303265,5000000,c873e0a5-7c30-4e29-89b7-df7fb08a3545,11,5.0
../experiments/varied_num_tasks/input_lrp/input_table_8nodes_1024tasks.csv,more_qubits_new_outputs/3_varied_num_tasks/tasks_1024_k_7168_resultid_0_experimentid_11.csv,7168,1,0,8,8192,1.0275439700238842e-05,3.2960620145189328,6657,254825.70872307994,31853.5408961605,31853.213590384992,31852.690175656633,104991.24617575998,31853.213590384996,2044.24471858,704,17,9,32076,5220432,5000000,a9275ec3-a274-43c4-a711-4b991a9f174a,11,5.0
../experiments/varied_num_tasks/input_lrp/input_table_8nodes_2048tasks.csv,more_qubits_new_outputs/3_varied_num_tasks/tasks_2048_k_2800_resultid_0_experimentid_11.csv,2800,1,0,8,16384,0.30970544014003853,2.5093541052203787,2790,510074.46222304006,83505.91225625252,63759.30777788001,42792.80336535672,209545.9037304,63759.30777788,3940.82293512,768,17,9,32028,5232756,5000000,f8a9f496-de60-46cc-aa3a-06e75729df50,11,5.0
../experiments/varied_imb_ratios/input_lrp/input_table_varied_imbs_case0.csv,more_qubits_new_outputs/1_varied_imbs_speedup/case_0_k_2_resultid_0_experimentid_13.csv,2,1,0,8,400,0.007464885467116734,1.010926187815064,2,18304.557609559997,2305.1498794552003,2288.0697011949997,2268.7243557048,2330.33637998,2288.069701195,2257.5401783,384,17,9,31985,5074508,5000000,04d4032e-b5bf-482c-b2dc-89c9d8fc3455,13,5.0
../experiments/varied_imb_ratios/input_lrp/input_table_varied_imbs_case0.csv,more_qubits_new_outputs/1_varied_imbs_speedup/case_0_k_347_resultid_0_experimentid_13.csv,347,1,0,8,400,0.001091657075697998,1.0173620255690532,343,18304.55760956,2290.567488674,2288.069701195,2285.5246839476004,2330.33637998,2288.069701195,2257.5401783,384,17,9,32089,5398178,5000000,40cb8842-40cb-49cf-ac4e-84dd9ae18478,13,5.0
../experiments/varied_imb_ratios/input_lrp/input_table_varied_imbs_case1.csv,more_qubits_new_outputs/1_varied_imbs_speedup/case_1_k_73_resultid_0_experimentid_13.csv,73,1,0,8,400,0.035208435012353836,2.8633204829705523,73,13831.30836486,1789.78588582,1728.9135456075,1711.5052232727999,5124.730587,1728.9135456075,94.24691198,384,17,9,32087,5418865,5000000,a4de32d5-1b64-44fd-ab87-d0c6d9b40d84,13,5.0
../experiments/varied_imb_ratios/input_lrp/input_table_varied_imbs_case1.csv,more_qubits_new_outputs/1_varied_imbs_speedup/case_1_k_354_resultid_0_experimentid_13.csv,354,1,0,8,400,0.0002113749126603416,2.9635071050592625,347,13831.308364859999,1729.2789945572,1728.9135456074998,1728.3786621012,5124.730587,1728.9135456075,94.24691198,384,17,9,32098,5328147,5000000,639f8a14-fb97-4f2a-bde1-7f8bda5a1326,13,5.0
../experiments/varied_imb_ratios/input_lrp/input_table_varied_imbs_case2.csv,more_qubits_new_outputs/1_varied_imbs_speedup/case_2_k_107_resultid_0_experimentid_13.csv,107,1,0,8,400,0.16578922909146618,3.125,107,11390.11468888,1659.8091278016,1423.76433611,1340.4291143536,5186.90352438,1423.76433611,94.75812912,384,17,9,32103,5487203,5000000,9efc0138-48da-4b3c-9e11-5aa2086b6a82,13,5.0
../experiments/varied_imb_ratios/input_lrp/input_table_varied_imbs_case2.csv,more_qubits_new_outputs/1_varied_imbs_speedup/case_2_k_352_resultid_0_experimentid_13.csv,352,1,0,8,400,0.06154876739912218,3.431864322010087,344,11390.11468888,1511.3952760644,1423.76433611,1363.9716453583999,5186.90352438,1423.76433611,94.75812912,384,17,9,32095,5271606,5000000,b60c5cee-9d20-4796-bc27-cce4b2d88972,13,5.0
../experiments/varied_imb_ratios/input_lrp/input_table_varied_imbs_case3.csv,more_qubits_new_outputs/1_varied_imbs_speedup/case_3_k_49_resultid_0_experimentid_13.csv,49,1,0,8,400,0.11031214785523441,4.47240341437232,49,8301.780509920001,1152.195968624,1037.7225637400002,903.1882581808,5153.0851841,1037.7225637400002,95.34163476,384,17,9,32047,5220408,5000000,36cda467-93ab-45cd-85d1-55418633aaba,13,5.0
../experiments/varied_imb_ratios/input_lrp/input_table_varied_imbs_case3.csv,more_qubits_new_outputs/1_varied_imbs_speedup/case_3_k_348_resultid_0_experimentid_13.csv,348,1,0,8,400,0.0005111415980860329,4.963226929342487,346,8301.780509920001,1038.2529869096002,1037.7225637400002,1036.9259958216,5153.0851841,1037.7225637400002,95.34163476,384,17,9,32082,5270422,5000000,d13634e6-5e86-45c7-b988-a66e87af1b46,13,5.0
../experiments/varied_imb_ratios/input_lrp/input_table_varied_imbs_case4.csv,more_qubits_new_outputs/1_varied_imbs_speedup/case_4_k_71_resultid_0_experimentid_13.csv,71,1,0,8,400,0.4120536102061307,3.125,65,9354.59132198,1651.1480560256,1169.3239152475,924.8912925728,5159.83767508,1169.3239152474998,94.25210954,384,17,9,32065,5428109,5000000,e604a628-a8a9-4acc-ac3c-93b15c907615,13,5.0
../experiments/varied_imb_ratios/input_lrp/input_table_varied_imbs_case4.csv,more_qubits_new_outputs/1_varied_imbs_speedup/case_4_k_353_resultid_0_experimentid_13.csv,353,1,0,8,400,0.0006613365296102947,4.409751202337559,351,9354.59132198,1170.0972318676002,1169.3239152475,1168.5329017655997,5159.83767508,1169.3239152474998,94.25210954,384,17,9,32089,5286086,5000000,810db4a6-8baa-47fe-83ae-2234002f36c5,13,5.0
../experiments/varied_num_procs/input_lrp/input_table_4nodes.csv,more_qubits_new_outputs/2_varied_num_procs/nodes_4_k_90_resultid_0_experimentid_13.csv,90,1,0,4,400,0.046835365179392546,3.234932283177447,79,12192.955255480001,3191.0041918716,3048.2388138700003,2989.8209967414,10322.68247604,3048.23881387,187.59217262,112,9,5,32037,5156091,5000000,855c38a0-afd0-4858-b5ba-ad178b40d1e7,13,5.0
../experiments/varied_num_procs/input_lrp/input_table_4nodes.csv,more_qubits_new_outputs/2_varied_num_procs/nodes_4_k_300_resultid_0_experimentid_13.csv,300,1,0,4,400,0.00012440173049259684,3.38602029120696,284,12192.95525548,3048.6180200534,3048.23881387,3047.9231586438,10322.68247604,3048.23881387,187.59217262,112,9,5,32025,5203074,5000000,058773d3-473d-4c8b-931c-a8c9d84885ba,13,5.0
../experiments/varied_num_procs/input_lrp/input_table_8nodes.csv,more_qubits_new_outputs/2_varied_num_procs/nodes_8_k_163_resultid_0_experimentid_13.csv,163,1,0,8,800,0.07288627012736282,3.0303030303030303,163,25396.24214168,3405.9099383298003,3174.53026771,3038.7787537464,10320.93920706,3174.5302677100003,188.86241912000003,448,17,9,32112,5329267,5000000,aeacd062-7a13-4356-bfcd-5b7185962307,13,5.0
../experiments/varied_num_procs/input_lrp/input_table_8nodes.csv,more_qubits_new_outputs/2_varied_num_procs/nodes_8_k_700_resultid_0_experimentid_13.csv,700,1,0,8,800,0.0016217225038189797,3.245906555830579,634,25396.24214168,3179.6784748841997,3174.53026771,3169.0961933122,10320.93920706,3174.5302677100003,188.86241912000003,448,17,9,16051,5001326,5000000,61c2420b-7405-45f3-8098-fa1f5e185c78,13,5.0
../experiments/varied_num_procs/input_lrp/input_table_16nodes.csv,more_qubits_new_outputs/2_varied_num_procs/nodes_16_k_350_resultid_0_experimentid_13.csv,350,1,0,16,1600,0.4371159620737005,2.083333333333333,338,55300.23536682,4967.0531845056,3456.26471042625,2506.035160062,10348.02746772,3456.2647104262496,188.88993264,1792,33,17,32031,5224621,5000000,bd8110e1-ecc4-4c7b-bd22-5f665259b6b7,13,5.0
../experiments/varied_num_procs/input_lrp/input_table_16nodes.csv,more_qubits_new_outputs/2_varied_num_procs/nodes_16_k_1499_resultid_0_experimentid_13.csv,1499,1,0,16,1600,0.00025693373614340604,2.9932225278063647,1434,55300.23536682,3457.1527414314005,3456.26471042625,3455.158040999,10348.02746772,3456.2647104262496,188.88993264,1792,33,17,16025,5002083,5000000,a530550a-6efc-44ee-a0ba-b0dfec730c46,13,5.0
../experiments/varied_num_tasks/input_lrp/input_table_8nodes_8tasks.csv,more_qubits_new_outputs/3_varied_num_tasks/tasks_8_k_11_resultid_0_experimentid_13.csv,11,22,0,8,64,0.13765962870218065,2.912747789099541,11,2018.44196312,287.03749179,252.30524539,221.74874542,836.0678196,252.30524539,12.66603468,256,17,9,32011,5013722,5000000,9b4db5af-75ae-4044-9c95-a15a5ae6a0d3,13,5.0
../experiments/varied_num_tasks/input_lrp/input_table_8nodes_8tasks.csv,more_qubits_new_outputs/3_varied_num_tasks/tasks_8_k_11_resultid_1_experimentid_13.csv,11,22,1,8,64,0.13765962870218065,2.912747789099541,11,2018.44196312,287.03749179,252.30524539,221.74874542,836.0678196,252.30524539,12.66603468,256,17,9,32011,5013722,5000000,9b4db5af-75ae-4044-9c95-a15a5ae6a0d3,13,5.0
../experiments/varied_num_tasks/input_lrp/input_table_8nodes_8tasks.csv,more_qubits_new_outputs/3_varied_num_tasks/tasks_8_k_11_resultid_2_experimentid_13.csv,11,22,2,8,64,0.13765962870218065,2.912747789099541,11,2018.44196312,287.03749179,252.30524539,221.74874542,836.0678196,252.30524539,12.66603468,256,17,9,32011,5013722,5000000,9b4db5af-75ae-4044-9c95-a15a5ae6a0d3,13,5.0
../experiments/varied_num_tasks/input_lrp/input_table_8nodes_8tasks.csv,more_qubits_new_outputs/3_varied_num_tasks/tasks_8_k_11_resultid_3_experimentid_13.csv,11,22,3,8,64,0.13765962870218065,2.912747789099541,11,2018.44196312,287.03749179,252.30524539,221.74874542,836.0678196,252.30524539,12.66603468,256,17,9,32011,5013722,5000000,9b4db5af-75ae-4044-9c95-a15a5ae6a0d3,13,5.0
../experiments/varied_num_tasks/input_lrp/input_table_8nodes_8tasks.csv,more_qubits_new_outputs/3_varied_num_tasks/tasks_8_k_11_resultid_4_experimentid_13.csv,11,22,4,8,64,0.13765962870218065,2.912747789099541,11,2018.44196312,287.03749179,252.30524539,221.74874542,836.0678196,252.30524539,12.66603468,256,17,9,32011,5013722,5000000,9b4db5af-75ae-4044-9c95-a15a5ae6a0d3,13,5.0
../experiments/varied_num_tasks/input_lrp/input_table_8nodes_8tasks.csv,more_qubits_new_outputs/3_varied_num_tasks/tasks_8_k_11_resultid_5_experimentid_13.csv,11,22,5,8,64,0.13765962870218065,2.912747789099541,11,2018.44196312,287.03749179,252.30524539,221.74874542,836.0678196,252.30524539,12.66603468,256,17,9,32011,5013722,5000000,9b4db5af-75ae-4044-9c95-a15a5ae6a0d3,13,5.0
../experiments/varied_num_tasks/input_lrp/input_table_8nodes_8tasks.csv,more_qubits_new_outputs/3_varied_num_tasks/tasks_8_k_11_resultid_6_experimentid_13.csv,11,22,6,8,64,0.13765962870218065,2.912747789099541,11,2018.44196312,287.03749179,252.30524539,221.74874542,836.0678196,252.30524539,12.66603468,256,17,9,32011,5013722,5000000,9b4db5af-75ae-4044-9c95-a15a5ae6a0d3,13,5.0
../experiments/varied_num_tasks/input_lrp/input_table_8nodes_8tasks.csv,more_qubits_new_outputs/3_varied_num_tasks/tasks_8_k_11_resultid_7_experimentid_13.csv,11,22,7,8,64,0.13765962870218065,2.912747789099541,11,2018.44196312,287.03749179,252.30524539,221.74874542,836.0678196,252.30524539,12.66603468,256,17,9,32011,5013722,5000000,9b4db5af-75ae-4044-9c95-a15a5ae6a0d3,13,5.0
../experiments/varied_num_tasks/input_lrp/input_table_8nodes_8tasks.csv,more_qubits_new_outputs/3_varied_num_tasks/tasks_8_k_11_resultid_8_experimentid_13.csv,11,22,8,8,64,0.13765962870218065,2.912747789099541,11,2018.44196312,287.03749179,252.30524539,221.74874542,836.0678196,252.30524539,12.66603468,256,17,9,32011,5013722,5000000,9b4db5af-75ae-4044-9c95-a15a5ae6a0d3,13,5.0
../experiments/varied_num_tasks/input_lrp/input_table_8nodes_8tasks.csv,more_qubits_new_outputs/3_varied_num_tasks/tasks_8_k_11_resultid_9_experimentid_13.csv,11,22,9,8,64,0.13765962870218065,2.912747789099541,11,2018.44196312,287.03749179,252.30524539,221.74874542,836.0678196,252.30524539,12.66603468,256,17,9,32011,5013722,5000000,9b4db5af-75ae-4044-9c95-a15a5ae6a0d3,13,5.0
../experiments/varied_num_tasks/input_lrp/input_table_8nodes_8tasks.csv,more_qubits_new_outputs/3_varied_num_tasks/tasks_8_k_11_resultid_10_experimentid_13.csv,11,22,10,8,64,0.13765962870218065,2.912747789099541,11,2018.44196312,287.03749179,252.30524539,221.74874542,836.0678196,252.30524539,12.66603468,256,17,9,32011,5013722,5000000,9b4db5af-75ae-4044-9c95-a15a5ae6a0d3,13,5.0
../experiments/varied_num_tasks/input_lrp/input_table_8nodes_8tasks.csv,more_qubits_new_outputs/3_varied_num_tasks/tasks_8_k_11_resultid_11_experimentid_13.csv,11,22,11,8,64,0.13765962870218065,2.912747789099541,11,2018.44196312,287.03749179,252.30524539,221.74874542,836.0678196,252.30524539,12.66603468,256,17,9,32011,5013722,5000000,9b4db5af-75ae-4044-9c95-a15a5ae6a0d3,13,5.0
../experiments/varied_num_tasks/input_lrp/input_table_8nodes_8tasks.csv,more_qubits_new_outputs/3_varied_num_tasks/tasks_8_k_11_resultid_12_experimentid_13.csv,11,22,12,8,64,0.13765962870218065,2.912747789099541,11,2018.44196312,287.03749179,252.30524539,221.74874542,836.0678196,252.30524539,12.66603468,256,17,9,32011,5013722,5000000,9b4db5af-75ae-4044-9c95-a15a5ae6a0d3,13,5.0
../experiments/varied_num_tasks/input_lrp/input_table_8nodes_8tasks.csv,more_qubits_new_outputs/3_varied_num_tasks/tasks_8_k_11_resultid_13_experimentid_13.csv,11,22,13,8,64,0.13765962870218065,2.912747789099541,11,2018.44196312,287.03749179,252.30524539,221.74874542,836.0678196,252.30524539,12.66603468,256,17,9,32011,5013722,5000000,9b4db5af-75ae-4044-9c95-a15a5ae6a0d3,13,5.0
../experiments/varied_num_tasks/input_lrp/input_table_8nodes_8tasks.csv,more_qubits_new_outputs/3_varied_num_tasks/tasks_8_k_11_resultid_14_experimentid_13.csv,11,22,14,8,64,0.13765962870218065,2.912747789099541,11,2018.44196312,287.03749179,252.30524539,221.74874542,836.0678196,252.30524539,12.66603468,256,17,9,32011,5013722,5000000,9b4db5af-75ae-4044-9c95-a15a5ae6a0d3,13,5.0
../experiments/varied_num_tasks/input_lrp/input_table_8nodes_8tasks.csv,more_qubits_new_outputs/3_varied_num_tasks/tasks_8_k_11_resultid_15_experimentid_13.csv,11,22,15,8,64,0.13765962870218065,2.912747789099541,11,2018.44196312,287.03749179,252.30524539,221.74874542,836.0678196,252.30524539,12.66603468,256,17,9,32011,5013722,5000000,9b4db5af-75ae-4044-9c95-a15a5ae6a0d3,13,5.0
../experiments/varied_num_tasks/input_lrp/input_table_8nodes_8tasks.csv,more_qubits_new_outputs/3_varied_num_tasks/tasks_8_k_11_resultid_16_experimentid_13.csv,11,22,16,8,64,0.13765962870218065,2.912747789099541,11,2018.44196312,287.03749179,252.30524539,221.74874542,836.0678196,252.30524539,12.66603468,256,17,9,32011,5013722,5000000,9b4db5af-75ae-4044-9c95-a15a5ae6a0d3,13,5.0
../experiments/varied_num_tasks/input_lrp/input_table_8nodes_8tasks.csv,more_qubits_new_outputs/3_varied_num_tasks/tasks_8_k_11_resultid_17_experimentid_13.csv,11,22,17,8,64,0.13765962870218065,2.912747789099541,11,2018.44196312,287.03749179,252.30524539,221.74874542,836.0678196,252.30524539,12.66603468,256,17,9,32011,5013722,5000000,9b4db5af-75ae-4044-9c95-a15a5ae6a0d3,13,5.0
../experiments/varied_num_tasks/input_lrp/input_table_8nodes_8tasks.csv,more_qubits_new_outputs/3_varied_num_tasks/tasks_8_k_11_resultid_18_experimentid_13.csv,11,22,18,8,64,0.13765962870218065,2.912747789099541,11,2018.44196312,287.03749179,252.30524539,221.74874542,836.0678196,252.30524539,12.66603468,256,17,9,32011,5013722,5000000,9b4db5af-75ae-4044-9c95-a15a5ae6a0d3,13,5.0
../experiments/varied_num_tasks/input_lrp/input_table_8nodes_8tasks.csv,more_qubits_new_outputs/3_varied_num_tasks/tasks_8_k_11_resultid_19_experimentid_13.csv,11,22,19,8,64,0.13765962870218065,2.912747789099541,11,2018.44196312,287.03749179,252.30524539,221.74874542,836.0678196,252.30524539,12.66603468,256,17,9,32011,5013722,5000000,9b4db5af-75ae-4044-9c95-a15a5ae6a0d3,13,5.0
../experiments/varied_num_tasks/input_lrp/input_table_8nodes_8tasks.csv,more_qubits_new_outputs/3_varied_num_tasks/tasks_8_k_11_resultid_20_experimentid_13.csv,11,22,20,8,64,0.13765962870218065,2.912747789099541,11,2018.44196312,287.03749179,252.30524539,221.74874542,836.0678196,252.30524539,12.66603468,256,17,9,32011,5013722,5000000,9b4db5af-75ae-4044-9c95-a15a5ae6a0d3,13,5.0
../experiments/varied_num_tasks/input_lrp/input_table_8nodes_8tasks.csv,more_qubits_new_outputs/3_varied_num_tasks/tasks_8_k_11_resultid_21_experimentid_13.csv,11,22,21,8,64,0.13765962870218065,2.912747789099541,11,2018.44196312,287.03749179,252.30524539,221.74874542,836.0678196,252.30524539,12.66603468,256,17,9,32011,5013722,5000000,9b4db5af-75ae-4044-9c95-a15a5ae6a0d3,13,5.0
../experiments/varied_num_tasks/input_lrp/input_table_8nodes_8tasks.csv,more_qubits_new_outputs/3_varied_num_tasks/tasks_8_k_56_resultid_0_experimentid_13.csv,56,1,0,8,64,0.0010365275584967894,3.3102843672769375,55,2018.44196312,252.56676673000004,252.30524539,251.8443107425,836.0678196,252.30524539,12.66603468,256,17,9,32089,5264104,5000000,bcb93cfa-da81-471c-ad73-2e70f997b57c,13,5.0
../experiments/varied_num_tasks/input_lrp/input_table_8nodes_16tasks.csv,more_qubits_new_outputs/3_varied_num_tasks/tasks_16_k_53_resultid_0_experimentid_13.csv,53,1,0,8,128,0.001127963684716438,3.3607133914078275,53,4002.0733833599998,500.8234471,500.25917291999997,499.72450137374994,1683.1240653999998,500.25917291999997,25.55708884,320,17,9,32069,5302649,5000000,17ecc397-1b63-48d4-942c-42bd4e132402,13,5.0
../experiments/varied_num_tasks/input_lrp/input_table_8nodes_16tasks.csv,more_qubits_new_outputs/3_varied_num_tasks/tasks_16_k_112_resultid_0_experimentid_13.csv,112,1,0,8,128,0.0005788544507034976,3.362557722564622,108,4002.0733833599998,500.54875016874996,500.25917291999997,499.75232184375,1683.1240653999998,500.25917291999997,25.55708884,320,17,9,32106,5374404,5000000,c24e8b6d-59da-4fd1-be08-ce66314c4c7e,13,5.0
../experiments/varied_num_tasks/input_lrp/input_table_8nodes_32tasks.csv,more_qubits_new_outputs/3_varied_num_tasks/tasks_32_k_43_resultid_0_experimentid_13.csv,43,1,0,8,256,0.03345040848755758,3.1514894106584306,43,8130.746889119999,1050.34046173375,1016.3433611399998,976.2042298687501,3310.13684274,1016.3433611400001,60.80660821999999,384,17,9,32026,5186977,5000000,b4ae843b-9d8a-48a6-a5d3-138a1547f866,13,5.0
../experiments/varied_num_tasks/input_lrp/input_table_8nodes_32tasks.csv,more_qubits_new_outputs/3_varied_num_tasks/tasks_32_k_224_resultid_0_experimentid_13.csv,224,2,0,8,256,0.0005214333532721294,3.255210643387778,206,8130.746889119999,1016.8733164668749,1016.3433611399998,1016.1710381624999,3310.13684274,1016.3433611400001,60.80660821999999,384,17,9,32077,5277323,5000000,21d84428-6a9b-490f-af3c-c54216e0e0d5,13,5.0
../experiments/varied_num_tasks/input_lrp/input_table_8nodes_32tasks.csv,more_qubits_new_outputs/3_varied_num_tasks/tasks_32_k_224_resultid_1_experimentid_13.csv,224,2,1,8,256,0.0005214333532721294,3.255210643387778,206,8130.746889119999,1016.8733164668749,1016.3433611399998,1016.1710381624999,3310.13684274,1016.3433611400001,60.80660821999999,384,17,9,32077,5277323,5000000,21d84428-6a9b-490f-af3c-c54216e0e0d5,13,5.0
../experiments/varied_num_tasks/input_lrp/input_table_8nodes_64tasks.csv,more_qubits_new_outputs/3_varied_num_tasks/tasks_64_k_87_resultid_0_experimentid_13.csv,87,1,0,8,512,0.14498561058974818,2.86792478571462,87,16190.908002880002,2317.29458571,2023.8635003600002,1818.3467395806251,6645.82657816,2023.86350036,120.220232,448,17,9,32101,5487276,5000000,c5716423-b399-46eb-b606-3330927e7484,13,5.0
../experiments/varied_num_tasks/input_lrp/input_table_8nodes_64tasks.csv,more_qubits_new_outputs/3_varied_num_tasks/tasks_64_k_448_resultid_0_experimentid_13.csv,448,1,0,8,512,0.0001894334767669756,3.2831106808260473,423,16190.90800288,2024.246887859375,2023.86350036,2023.5235475059371,6645.82657816,2023.86350036,120.220232,448,17,9,32084,5409645,5000000,226c48b2-747a-4a6e-bb7e-16082cfae57e,13,5.0
../experiments/varied_num_tasks/input_lrp/input_table_8nodes_128tasks.csv,more_qubits_new_outputs/3_varied_num_tasks/tasks_128_k_196_resultid_0_experimentid_13.csv,196,1,0,8,1024,0.278496390090536,2.5599222073019274,194,32209.662389740002,5147.492136414688,4026.2077987175003,3370.3823391328124,13177.179431920002,4026.2077987175,243.23101042,512,17,9,32100,5294521,5000000,a1b6c64a-72f9-437e-9014-ee862d37fe17,13,5.0
../experiments/varied_num_tasks/input_lrp/input_table_8nodes_128tasks.csv,more_qubits_new_outputs/3_varied_num_tasks/tasks_128_k_896_resultid_0_experimentid_13.csv,896,1,0,8,1024,6.092071262670148e-05,3.272651928660438,832,32209.662389740002,4026.4530781657813,4026.2077987175003,4025.7790092410937,13177.179431920002,4026.2077987175,243.23101042,512,17,9,32088,5304139,5000000,48740b5a-1e98-4738-9275-8ba114a48156,13,5.0
../experiments/varied_num_tasks/input_lrp/input_table_8nodes_256tasks.csv,more_qubits_new_outputs/3_varied_num_tasks/tasks_256_k_349_resultid_0_experimentid_13.csv,349,1,0,8,2048,0.360357040876605,2.4201668491612254,341,63897.721195239996,10865.464365489375,7987.2151494049995,6358.041074484452,26296.236658099995,7987.2151494049995,486.4383221,576,17,9,32089,5454734,5000000,678aa659-d5c9-4508-9e64-77be459c60f0,13,5.0
../experiments/varied_num_tasks/input_lrp/input_table_8nodes_256tasks.csv,more_qubits_new_outputs/3_varied_num_tasks/tasks_256_k_1792_resultid_0_experimentid_13.csv,1792,1,0,8,2048,6.140367209683991e-05,3.292088867007318,1787,63897.721195239996,7987.705593745,7987.2151494049995,7986.708558904218,26296.236658099995,7987.2151494049995,486.4383221,576,17,9,31956,5065525,5000000,26248755-6e45-431a-b205-f43b42b52f92,13,5.0
../experiments/varied_num_tasks/input_lrp/input_table_8nodes_512tasks.csv,more_qubits_new_outputs/3_varied_num_tasks/tasks_512_k_696_resultid_0_experimentid_13.csv,696,1,0,8,4096,0.32826590205141765,2.4738996559599076,696,127472.96156878001,21164.74853566516,15934.120196097501,11319.588073048712,52359.46412086,15934.120196097501,1051.35350226,640,17,9,32089,5423549,5000000,c1e7d09f-c2fa-4321-8e09-054a8b4ca728,13,5.0
../experiments/varied_num_tasks/input_lrp/input_table_8nodes_512tasks.csv,more_qubits_new_outputs/3_varied_num_tasks/tasks_512_k_3584_resultid_0_experimentid_13.csv,3584,1,0,8,4096,4.546920475753581e-05,3.2858471532512654,3538,127472.96156878001,15934.844707871329,15934.120196097501,15933.627131018358,52359.46412086,15934.120196097501,1051.35350226,640,17,9,16024,5001450,5000000,81ad4d6b-466a-4057-9203-a3ad1b5ba491,13,5.0
../experiments/varied_num_tasks/input_lrp/input_table_8nodes_1024tasks.csv,more_qubits_new_outputs/3_varied_num_tasks/tasks_1024_k_1407_resultid_0_experimentid_13.csv,1407,2,0,8,8192,0.6480479415027055,2.0,1406,254825.70872307994,52495.62308787999,31853.213590384992,22326.80762744984,104991.24617575998,31853.213590384996,2044.24471858,704,17,9,32095,5346240,5000000,4ff77af2-5f16-44d7-a1da-1bc9e9c00d3f,13,5.0
../experiments/varied_num_tasks/input_lrp/input_table_8nodes_1024tasks.csv,more_qubits_new_outputs/3_varied_num_tasks/tasks_1024_k_1407_resultid_1_experimentid_13.csv,1407,2,1,8,8192,0.6480479415027055,2.0,1406,254825.70872307994,52495.62308787999,31853.213590384992,22326.80762744984,104991.24617575998,31853.213590384996,2044.24471858,704,17,9,32095,5346240,5000000,4ff77af2-5f16-44d7-a1da-1bc9e9c00d3f,13,5.0
../experiments/varied_num_tasks/input_lrp/input_table_8nodes_1024tasks.csv,more_qubits_new_outputs/3_varied_num_tasks/tasks_1024_k_7168_resultid_0_experimentid_13.csv,7168,1,0,8,8192,1.872045985735469e-05,3.296034179729861,7150,254825.70872307994,31853.80989719134,31853.213590384992,31852.688822941913,104991.24617575998,31853.213590384996,2044.24471858,704,17,9,32057,4967362,4967362,860c53d9-2f17-4a87-9f9c-fa9fe342b064,13,5.0
../experiments/varied_num_tasks/input_lrp/input_table_8nodes_2048tasks.csv,more_qubits_new_outputs/3_varied_num_tasks/tasks_2048_k_2800_resultid_0_experimentid_13.csv,2800,1,0,8,16384,0.6432573614224343,2.0000000000000004,2758,510074.46222304,104772.95186519998,63759.30777788,48473.322083981904,209545.9037304,63759.30777788,3940.82293512,768,17,9,32050,5208147,5000000,ff1d72de-18e4-47d5-ba29-e479acc09420,13,5.0
../experiments/varied_num_tasks/input_lrp/input_table_8nodes_2048tasks.csv,more_qubits_new_outputs/3_varied_num_tasks/tasks_2048_k_14336_resultid_0_experimentid_13.csv,14336,1,0,8,16384,1.0142474368385378e-05,3.2864813897916108,11473,510074.46222304,63759.95445502488,63759.30777788,63758.91456258233,209545.9037304,63759.30777788,3940.82293512,768,17,9,32057,5265074,5000000,60600332-8709-424e-a8a8-1424afbe4f23,13,5.0
../experiments/varied_num_procs/input_lrp/input_table_32nodes.csv,more_qubits_new_outputs/2_varied_num_procs/nodes_32_k_644_resultid_0_experimentid_13.csv,644,1,0,32,3200,1.336877106831654,1.458649354316228,644,101942.36807832,7444.587068076,3185.6990024475,2134.5849819148,10859.042119999998,3185.6990024475,181.31871224,7168,65,33,16012,5005185,5000000,568bc3b3-a117-4b6f-8078-8b460bce4150,13,-1.0
../experiments/varied_num_procs/input_lrp/input_table_32nodes.csv,more_qubits_new_outputs/2_varied_num_procs/nodes_32_k_3098_resultid_0_experimentid_13.csv,3098,1,0,32,3200,0.0002448797091942993,3.407849769735776,3091,101942.36807832001,3186.4791154928002,3185.6990024475003,3184.9828405352,10859.042119999998,3185.6990024475,181.31871224,7168,65,33,32042,5002687,5000000,9689f815-b410-48f3-a527-c9665868f2d3,13,-1.0
../experiments/varied_num_procs/input_lrp/input_table_64nodes.csv,more_qubits_new_outputs/2_varied_num_procs/nodes_64_k_2353_resultid_0_experimentid_13.csv,2353,1,0,64,6400,1.0577206464864308,2.7012665954360817,2353,1714501.65195474,55124.4601197244,26789.088311792813,25060.762880333,148905.86271286,26789.088311792817,552.5210857399999,28672,129,65,32056,34459175,34459175,41876fff-5375-4e41-9f46-4809c2e9fd94,13,-1.0
../experiments/varied_num_procs/input_lrp/input_table_64nodes.csv,more_qubits_new_outputs/2_varied_num_procs/nodes_64_k_6302_resultid_0_experimentid_13.csv,6302,1,0,64,6400,0.00010276056529259022,5.557880914108372,6301,1714501.65195474,26791.841173651406,26789.088311792813,26786.553318023005,148905.86271286,26789.088311792817,552.5210857399999,28672,129,65,32065,34603153,34603153,2bdf0155-b5dc-478d-9537-5091cea0e747,13,-1.0
../experiments/real_usecase_samoa/input_lrp/samoa_osc_case_32procs.csv,more_qubits_new_outputs/samoa/case_32_k_1568_resultid_0_experimentid_15.csv,1568,1,0,32,6656,2.3191569677393185,1.5664834542280675,1550,68989.56544162,7155.849901151898,2155.923920050625,911.6048040745673,11209.520471094,2155.923920050625,61.33569717099999,8192,65,33,32033,19997866,19997866,6f973d1e-4611-4b54-a153-2c036c93d0fb,15,20.0
../experiments/real_usecase_samoa/input_lrp/samoa_osc_case_32procs.csv,more_qubits_new_outputs/samoa/case_32_k_6447_resultid_0_experimentid_15.csv,6447,1,0,32,6656,9.113775920125214e-05,5.1989306530594845,6440,68989.56544161998,2156.1204061257063,2155.9239200506245,2155.7204319764046,11209.520471094,2155.923920050625,61.33569717099999,8192,65,33,32079,19404373,19404373,a6136c14-d2c0-4651-bab2-45afe5a1ee8f,15,20.0
../experiments/real_usecase_samoa/input_lrp/samoa_osc_case_32procs.csv,more_qubits_new_outputs/samoa/case_32_k_1568_resultid_0_experimentid_17.csv,1568,1,0,32,6656,1.539772193134672,2.04719324276567,1568,68989.56544162,5475.555622658475,2155.923920050625,1188.0454224328457,11209.520471094,2155.923920050625,61.33569717099999,8192,65,33,32043,18968016,18968016,a49a7e7d-9709-4492-8ec5-db59fb8ec3f8,17,20.0
../experiments/varied_num_procs/input_lrp/input_table_32nodes.csv,more_qubits_new_outputs/2_varied_num_procs/nodes_32_k_644_resultid_0_experimentid_19.csv,644,1,0,32,3200,1.336877106831654,1.458649354316228,644,101942.36807832,7444.587068076,3185.6990024475,2297.6501717506,10859.042119999998,3185.6990024475,181.31871224,7168,65,33,32067,15132463,15000000,e69fddd9-4f76-42a5-87ae-bc81630b5c91,19,15.0
../experiments/varied_num_procs/input_lrp/input_table_32nodes.csv,more_qubits_new_outputs/2_varied_num_procs/nodes_32_k_3098_resultid_0_experimentid_19.csv,3098,1,0,32,3200,0.00023126760944257565,3.407896147001221,3084,101942.36807832001,3186.4357514402,3185.6990024475003,3184.8068876320003,10859.042119999998,3185.6990024475,181.31871224,7168,65,33,32024,14245272,14245272,3a5f3689-1d07-4124-ac25-4f19d20260f0,19,15.0
../experiments/varied_num_procs/input_lrp/input_table_64nodes.csv,more_qubits_new_outputs/2_varied_num_procs/nodes_64_k_2353_resultid_0_experimentid_21.csv,2353,1,0,64,6400,0.7719134944065773,3.1369770943329756,2353,1714501.65195474,47467.9470825152,26789.088311792813,25756.541999819405,148905.86271286,26789.088311792817,552.5210857399999,28672,129,65,48077,120913141,120000000,85978a7d-e781-45d3-9b93-0a51ffce311f,21,120.0
../experiments/varied_num_procs/input_lrp/input_table_64nodes.csv,more_qubits_new_outputs/2_varied_num_procs/nodes_64_k_6302_resultid_0_experimentid_21.csv,6302,1,0,64,6400,0.0001037699850565983,5.557875304455646,6300,1714501.6519547398,26791.868215086604,26789.08831179281,26786.6345930096,148905.86271286,26789.088311792817,552.5210857399999,28672,129,65,48091,120748401,120000000,6a3b54a5-9d19-4bfe-a49f-f488bec919ca,21,120.0
